defect_id,aircraft_id,fault_code,station,reported_at,symptom_text,resolution_text,resolution_class,replaced_part_id,ground_minutes,engineer_id,status,data_class
HIST-0001,AC-003,DEMO-A350-21-047,MUC,2026-04-24T05:05:00Z,Intermittent cabin-zone temperature indication; recorded intermittently on sector 1.,Follow-up engineering review recorded; case closed only after separately authorized action.,MONITORING_REQUIRED,,184,ENG-MUC-01,CLOSED,SYNTHETIC
HIST-0002,AC-005,DEMO-25-019,DOH,2026-04-16T04:05:00Z,Seat control panel unresponsive; recorded intermittently on sector 2.,Follow-up engineering review recorded; case closed only after separately authorized action.,MONITORING_REQUIRED,,41,ENG-DOH-01,CLOSED,SYNTHETIC
HIST-0003,AC-005,DEMO-25-019,LHR,2026-06-16T06:05:00Z,Seat control panel unresponsive; recorded intermittently on sector 3.,Historical record reports component replacement after authorized troubleshooting. Planning summary only; no physical instructions.,REPLACEMENT,DEMO-PART-005,196,ENG-LHR-01,CLOSED,SYNTHETIC
HIST-0004,AC-006,DEMO-44-018,VIE,2026-03-20T02:05:00Z,Cabin display data intermittent; recorded intermittently on sector 4.,Symptom not reproduced during recorded checks. Repeat history must remain visible; do not treat as proof that a new issue is harmless.,NO_FAULT_FOUND,,162,ENG-VIE-01,CLOSED,SYNTHETIC
HIST-0005,AC-005,DEMO-A350-21-047,DOH,2026-04-02T01:05:00Z,Intermittent cabin-zone temperature indication; recorded intermittently on sector 5.,Historical record reports component replacement after authorized troubleshooting. Planning summary only; no physical instructions.,REPLACEMENT,DEMO-CZT-100,70,ENG-DOH-01,CLOSED,SYNTHETIC
HIST-0006,AC-006,DEMO-25-019,FRA,2026-08-19T22:05:00Z,Seat control panel unresponsive; recorded intermittently on sector 6.,Historical record reports component replacement after authorized troubleshooting. Planning summary only; no physical instructions.,REPLACEMENT,DEMO-PART-005,133,ENG-FRA-01,CLOSED,SYNTHETIC
HIST-0007,AC-006,DEMO-44-018,AUH,2026-08-20T03:05:00Z,Cabin display data intermittent; recorded intermittently on sector 7.,Follow-up engineering review recorded; case closed only after separately authorized action.,MONITORING_REQUIRED,,36,ENG-AUH-01,CLOSED,SYNTHETIC
HIST-0008,AC-001,DEMO-33-012,AMS,2026-03-25T06:05:00Z,Passenger reading light intermittent; recorded intermittently on sector 8.,Historical record reports component replacement after authorized troubleshooting. Planning summary only; no physical instructions.,REPLACEMENT,DEMO-PART-004,149,ENG-AMS-01,CLOSED,SYNTHETIC
HIST-0009,AC-002,DEMO-25-019,CDG,2026-08-08T22:05:00Z,Seat control panel unresponsive; recorded intermittently on sector 9.,Historical record reports component replacement after authorized troubleshooting. Planning summary only; no physical instructions.,REPLACEMENT,DEMO-PART-005,164,ENG-CDG-01,CLOSED,SYNTHETIC
HIST-0010,AC-006,DEMO-33-012,AMS,2026-06-13T00:05:00Z,Passenger reading light intermittent; recorded intermittently on sector 10.,Historical record reports component replacement after authorized troubleshooting. Planning summary only; no physical instructions.,REPLACEMENT,DEMO-PART-004,95,ENG-AMS-01,CLOSED,SYNTHETIC
HIST-0011,AC-006,DEMO-25-027,DXB,2026-07-05T03:05:00Z,Galley status display indication; recorded intermittently on sector 11.,Historical record reports component replacement after authorized troubleshooting. Planning summary only; no physical instructions.,REPLACEMENT,DEMO-PART-006,178,ENG-DXB-01,CLOSED,SYNTHETIC
HIST-0012,AC-005,DEMO-44-018,FCO,2026-07-21T05:05:00Z,Cabin display data intermittent; recorded intermittently on sector 12.,Historical record reports a connection-related indication issue corrected under the then-applicable work package. This does not establish the cause of a new defect.,INDICATION_CORRECTED,,36,ENG-FCO-01,CLOSED,SYNTHETIC
HIST-0013,AC-006,DEMO-25-019,DXB,2026-05-04T00:05:00Z,Seat control panel unresponsive; recorded intermittently on sector 13.,Symptom not reproduced during recorded checks. Repeat history must remain visible; do not treat as proof that a new issue is harmless.,NO_FAULT_FOUND,,174,ENG-DXB-01,CLOSED,SYNTHETIC
HIST-0014,AC-003,DEMO-44-031,VIE,2026-06-19T01:05:00Z,IFE interface intermittent; recorded intermittently on sector 14.,Historical record reports component replacement after authorized troubleshooting. Planning summary only; no physical instructions.,REPLACEMENT,DEMO-PART-011,146,ENG-VIE-01,CLOSED,SYNTHETIC
HIST-0015,AC-006,DEMO-44-018,BRU,2026-05-05T00:05:00Z,Cabin display data intermittent; recorded intermittently on sector 15.,Follow-up engineering review recorded; case closed only after separately authorized action.,MONITORING_REQUIRED,,195,ENG-BRU-01,CLOSED,SYNTHETIC
HIST-0016,AC-001,DEMO-25-019,AMS,2026-05-05T22:05:00Z,Seat control panel unresponsive; recorded intermittently on sector 16.,Symptom not reproduced during recorded checks. Repeat history must remain visible; do not treat as proof that a new issue is harmless.,NO_FAULT_FOUND,,205,ENG-AMS-01,CLOSED,SYNTHETIC
HIST-0017,AC-004,DEMO-25-027,CDG,2026-08-13T22:05:00Z,Galley status display indication; recorded intermittently on sector 17.,Symptom not reproduced during recorded checks. Repeat history must remain visible; do not treat as proof that a new issue is harmless.,NO_FAULT_FOUND,,134,ENG-CDG-01,CLOSED,SYNTHETIC
HIST-0018,AC-002,DEMO-25-027,CDG,2026-04-12T23:05:00Z,Galley status display indication; recorded intermittently on sector 18.,Follow-up engineering review recorded; case closed only after separately authorized action.,MONITORING_REQUIRED,,169,ENG-CDG-01,CLOSED,SYNTHETIC
HIST-0019,AC-003,DEMO-33-012,FCO,2026-03-29T22:05:00Z,Passenger reading light intermittent; recorded intermittently on sector 19.,Symptom not reproduced during recorded checks. Repeat history must remain visible; do not treat as proof that a new issue is harmless.,NO_FAULT_FOUND,,69,ENG-FCO-01,CLOSED,SYNTHETIC
HIST-0020,AC-002,DEMO-44-018,CDG,2026-06-20T23:05:00Z,Cabin display data intermittent; recorded intermittently on sector 20.,Symptom not reproduced during recorded checks. Repeat history must remain visible; do not treat as proof that a new issue is harmless.,NO_FAULT_FOUND,,180,ENG-CDG-01,CLOSED,SYNTHETIC
HIST-0021,AC-006,DEMO-25-019,AMS,2026-06-01T06:05:00Z,Seat control panel unresponsive; recorded intermittently on sector 21.,Symptom not reproduced during recorded checks. Repeat history must remain visible; do not treat as proof that a new issue is harmless.,NO_FAULT_FOUND,,170,ENG-AMS-01,CLOSED,SYNTHETIC
HIST-0022,AC-005,DEMO-44-031,AUH,2026-07-26T05:05:00Z,IFE interface intermittent; recorded intermittently on sector 22.,Symptom not reproduced during recorded checks. Repeat history must remain visible; do not treat as proof that a new issue is harmless.,NO_FAULT_FOUND,,115,ENG-AUH-01,CLOSED,SYNTHETIC
HIST-0023,AC-004,DEMO-33-012,AMS,2026-09-05T02:05:00Z,Passenger reading light intermittent; recorded intermittently on sector 23.,Follow-up engineering review recorded; case closed only after separately authorized action.,MONITORING_REQUIRED,,89,ENG-AMS-01,CLOSED,SYNTHETIC
HIST-0024,AC-004,DEMO-44-031,MUC,2026-04-07T02:05:00Z,IFE interface intermittent; recorded intermittently on sector 24.,Follow-up engineering review recorded; case closed only after separately authorized action.,MONITORING_REQUIRED,,183,ENG-MUC-01,CLOSED,SYNTHETIC
HIST-0025,AC-006,DEMO-44-031,VIE,2026-04-17T02:05:00Z,IFE interface intermittent; recorded intermittently on sector 25.,Symptom not reproduced during recorded checks. Repeat history must remain visible; do not treat as proof that a new issue is harmless.,NO_FAULT_FOUND,,154,ENG-VIE-01,CLOSED,SYNTHETIC
HIST-0026,AC-006,DEMO-25-019,ZRH,2026-07-27T00:05:00Z,Seat control panel unresponsive; recorded intermittently on sector 26.,Follow-up engineering review recorded; case closed only after separately authorized action.,MONITORING_REQUIRED,,35,ENG-ZRH-01,CLOSED,SYNTHETIC
HIST-0027,AC-003,DEMO-A350-21-047,DOH,2026-04-17T04:05:00Z,Intermittent cabin-zone temperature indication; recorded intermittently on sector 27.,Historical record reports a connection-related indication issue corrected under the then-applicable work package. This does not establish the cause of a new defect.,INDICATION_CORRECTED,,205,ENG-DOH-01,CLOSED,SYNTHETIC
HIST-0028,AC-006,DEMO-44-018,FCO,2026-06-22T05:05:00Z,Cabin display data intermittent; recorded intermittently on sector 28.,Historical record reports component replacement after authorized troubleshooting. Planning summary only; no physical instructions.,REPLACEMENT,DEMO-PART-003,103,ENG-FCO-01,CLOSED,SYNTHETIC
HIST-0029,AC-002,DEMO-44-018,ZRH,2026-07-17T05:05:00Z,Cabin display data intermittent; recorded intermittently on sector 29.,Follow-up engineering review recorded; case closed only after separately authorized action.,MONITORING_REQUIRED,,170,ENG-ZRH-01,CLOSED,SYNTHETIC
HIST-0030,AC-003,DEMO-33-012,DOH,2026-05-03T00:05:00Z,Passenger reading light intermittent; recorded intermittently on sector 30.,Follow-up engineering review recorded; case closed only after separately authorized action.,MONITORING_REQUIRED,,101,ENG-DOH-01,CLOSED,SYNTHETIC
HIST-0031,AC-002,DEMO-25-027,LHR,2026-06-11T06:05:00Z,Galley status display indication; recorded intermittently on sector 31.,Historical record reports component replacement after authorized troubleshooting. Planning summary only; no physical instructions.,REPLACEMENT,DEMO-PART-006,36,ENG-LHR-01,CLOSED,SYNTHETIC
HIST-0032,AC-003,DEMO-25-019,CDG,2026-05-12T04:05:00Z,Seat control panel unresponsive; recorded intermittently on sector 32.,Follow-up engineering review recorded; case closed only after separately authorized action.,MONITORING_REQUIRED,,48,ENG-CDG-01,CLOSED,SYNTHETIC
HIST-0033,AC-003,DEMO-44-018,FCO,2026-08-25T02:05:00Z,Cabin display data intermittent; recorded intermittently on sector 33.,Follow-up engineering review recorded; case closed only after separately authorized action.,MONITORING_REQUIRED,,190,ENG-FCO-01,CLOSED,SYNTHETIC
HIST-0034,AC-004,DEMO-33-012,AUH,2026-05-06T03:05:00Z,Passenger reading light intermittent; recorded intermittently on sector 34.,Historical record reports a connection-related indication issue corrected under the then-applicable work package. This does not establish the cause of a new defect.,INDICATION_CORRECTED,,96,ENG-AUH-01,CLOSED,SYNTHETIC
HIST-0035,AC-004,DEMO-44-031,VIE,2026-06-14T23:05:00Z,IFE interface intermittent; recorded intermittently on sector 35.,Historical record reports component replacement after authorized troubleshooting. Planning summary only; no physical instructions.,REPLACEMENT,DEMO-PART-011,208,ENG-VIE-01,CLOSED,SYNTHETIC
HIST-0036,AC-005,DEMO-44-018,FCO,2026-04-29T04:05:00Z,Cabin display data intermittent; recorded intermittently on sector 36.,Historical record reports a connection-related indication issue corrected under the then-applicable work package. This does not establish the cause of a new defect.,INDICATION_CORRECTED,,104,ENG-FCO-01,CLOSED,SYNTHETIC
HIST-0037,AC-001,DEMO-44-018,MUC,2026-03-30T06:05:00Z,Cabin display data intermittent; recorded intermittently on sector 37.,Historical record reports a connection-related indication issue corrected under the then-applicable work package. This does not establish the cause of a new defect.,INDICATION_CORRECTED,,100,ENG-MUC-01,CLOSED,SYNTHETIC
HIST-0038,AC-001,DEMO-33-012,AUH,2026-09-06T06:05:00Z,Passenger reading light intermittent; recorded intermittently on sector 38.,Symptom not reproduced during recorded checks. Repeat history must remain visible; do not treat as proof that a new issue is harmless.,NO_FAULT_FOUND,,92,ENG-AUH-01,CLOSED,SYNTHETIC
HIST-0039,AC-005,DEMO-25-027,ZRH,2026-08-19T03:05:00Z,Galley status display indication; recorded intermittently on sector 39.,Historical record reports component replacement after authorized troubleshooting. Planning summary only; no physical instructions.,REPLACEMENT,DEMO-PART-006,187,ENG-ZRH-01,CLOSED,SYNTHETIC
HIST-0040,AC-002,DEMO-44-031,FRA,2026-07-17T02:05:00Z,IFE interface intermittent; recorded intermittently on sector 40.,Historical record reports component replacement after authorized troubleshooting. Planning summary only; no physical instructions.,REPLACEMENT,DEMO-PART-011,179,ENG-FRA-01,CLOSED,SYNTHETIC
HIST-0041,AC-003,DEMO-25-019,BRU,2026-06-19T22:05:00Z,Seat control panel unresponsive; recorded intermittently on sector 41.,Follow-up engineering review recorded; case closed only after separately authorized action.,MONITORING_REQUIRED,,196,ENG-BRU-01,CLOSED,SYNTHETIC
HIST-0042,AC-001,DEMO-A350-21-047,FRA,2026-08-03T06:05:00Z,Cabin-zone temperature indication flickered; cabin crew report recorded. Same indication group as current simulation.,Record reports an indication connection issue corrected; no component consumed. Historical finding only. New inspection required; root cause not inferred.,INDICATION_CORRECTED,,48,ENG-FRA-01,CLOSED,SYNTHETIC
HIST-0043,AC-005,DEMO-A350-21-047,VIE,2026-09-04T22:05:00Z,Intermittent cabin-zone temperature indication; recorded intermittently on sector 43.,Follow-up engineering review recorded; case closed only after separately authorized action.,MONITORING_REQUIRED,,98,ENG-VIE-01,CLOSED,SYNTHETIC
HIST-0044,AC-003,DEMO-25-027,CDG,2026-04-20T06:05:00Z,Galley status display indication; recorded intermittently on sector 44.,Historical record reports a connection-related indication issue corrected under the then-applicable work package. This does not establish the cause of a new defect.,INDICATION_CORRECTED,,124,ENG-CDG-01,CLOSED,SYNTHETIC
HIST-0045,AC-001,DEMO-25-027,FRA,2026-05-01T04:05:00Z,Galley status display indication; recorded intermittently on sector 45.,Historical record reports a connection-related indication issue corrected under the then-applicable work package. This does not establish the cause of a new defect.,INDICATION_CORRECTED,,201,ENG-FRA-01,CLOSED,SYNTHETIC
HIST-0046,AC-006,DEMO-A350-21-047,LHR,2026-04-04T02:05:00Z,Intermittent cabin-zone temperature indication; recorded intermittently on sector 46.,Follow-up engineering review recorded; case closed only after separately authorized action.,MONITORING_REQUIRED,,41,ENG-LHR-01,CLOSED,SYNTHETIC
HIST-0047,AC-003,DEMO-A350-21-047,CDG,2026-08-01T01:05:00Z,Intermittent cabin-zone temperature indication; recorded intermittently on sector 47.,Historical record reports component replacement after authorized troubleshooting. Planning summary only; no physical instructions.,REPLACEMENT,DEMO-CZT-100,32,ENG-CDG-01,CLOSED,SYNTHETIC
HIST-0048,AC-006,DEMO-A350-21-047,AMS,2026-04-19T06:05:00Z,Intermittent cabin-zone temperature indication; recorded intermittently on sector 48.,Historical record reports component replacement after authorized troubleshooting. Planning summary only; no physical instructions.,REPLACEMENT,DEMO-CZT-100,135,ENG-AMS-01,CLOSED,SYNTHETIC
HIST-0049,AC-003,DEMO-A350-21-047,AUH,2026-08-29T05:05:00Z,Intermittent cabin-zone temperature indication; recorded intermittently on sector 49.,Historical record reports component replacement after authorized troubleshooting. Planning summary only; no physical instructions.,REPLACEMENT,DEMO-CZT-100,71,ENG-AUH-01,CLOSED,SYNTHETIC
HIST-0050,AC-002,DEMO-33-012,MUC,2026-03-26T02:05:00Z,Passenger reading light intermittent; recorded intermittently on sector 50.,Historical record reports a connection-related indication issue corrected under the then-applicable work package. This does not establish the cause of a new defect.,INDICATION_CORRECTED,,151,ENG-MUC-01,CLOSED,SYNTHETIC
HIST-0051,AC-003,DEMO-25-019,CDG,2026-05-31T23:05:00Z,Seat control panel unresponsive; recorded intermittently on sector 51.,Historical record reports component replacement after authorized troubleshooting. Planning summary only; no physical instructions.,REPLACEMENT,DEMO-PART-005,122,ENG-CDG-01,CLOSED,SYNTHETIC
HIST-0052,AC-006,DEMO-25-027,CDG,2026-07-29T01:05:00Z,Galley status display indication; recorded intermittently on sector 52.,Historical record reports a connection-related indication issue corrected under the then-applicable work package. This does not establish the cause of a new defect.,INDICATION_CORRECTED,,96,ENG-CDG-01,CLOSED,SYNTHETIC
HIST-0053,AC-004,DEMO-44-031,AUH,2026-07-22T03:05:00Z,IFE interface intermittent; recorded intermittently on sector 53.,Symptom not reproduced during recorded checks. Repeat history must remain visible; do not treat as proof that a new issue is harmless.,NO_FAULT_FOUND,,26,ENG-AUH-01,CLOSED,SYNTHETIC
HIST-0054,AC-004,DEMO-25-019,MUC,2026-04-11T06:05:00Z,Seat control panel unresponsive; recorded intermittently on sector 54.,Historical record reports component replacement after authorized troubleshooting. Planning summary only; no physical instructions.,REPLACEMENT,DEMO-PART-005,113,ENG-MUC-01,CLOSED,SYNTHETIC
HIST-0055,AC-002,DEMO-A350-21-047,VIE,2026-04-23T05:05:00Z,Intermittent cabin-zone temperature indication; recorded intermittently on sector 55.,Symptom not reproduced during recorded checks. Repeat history must remain visible; do not treat as proof that a new issue is harmless.,NO_FAULT_FOUND,,68,ENG-VIE-01,CLOSED,SYNTHETIC
HIST-0056,AC-002,DEMO-A350-21-047,DXB,2026-04-20T02:05:00Z,Intermittent cabin-zone temperature indication; recorded intermittently on sector 56.,Historical record reports component replacement after authorized troubleshooting. Planning summary only; no physical instructions.,REPLACEMENT,DEMO-CZT-100,166,ENG-DXB-01,CLOSED,SYNTHETIC
HIST-0057,AC-006,DEMO-44-031,DOH,2026-08-06T06:05:00Z,IFE interface intermittent; recorded intermittently on sector 57.,Follow-up engineering review recorded; case closed only after separately authorized action.,MONITORING_REQUIRED,,199,ENG-DOH-01,CLOSED,SYNTHETIC
HIST-0058,AC-003,DEMO-33-012,DOH,2026-06-04T04:05:00Z,Passenger reading light intermittent; recorded intermittently on sector 58.,Follow-up engineering review recorded; case closed only after separately authorized action.,MONITORING_REQUIRED,,202,ENG-DOH-01,CLOSED,SYNTHETIC
HIST-0059,AC-004,DEMO-25-019,MUC,2026-06-22T02:05:00Z,Seat control panel unresponsive; recorded intermittently on sector 59.,Symptom not reproduced during recorded checks. Repeat history must remain visible; do not treat as proof that a new issue is harmless.,NO_FAULT_FOUND,,164,ENG-MUC-01,CLOSED,SYNTHETIC
HIST-0060,AC-006,DEMO-A350-21-047,DXB,2026-07-20T01:05:00Z,Intermittent cabin-zone temperature indication; recorded intermittently on sector 60.,Historical record reports component replacement after authorized troubleshooting. Planning summary only; no physical instructions.,REPLACEMENT,DEMO-CZT-100,209,ENG-DXB-01,CLOSED,SYNTHETIC
HIST-0061,AC-001,DEMO-33-012,DXB,2026-09-07T03:05:00Z,Passenger reading light intermittent; recorded intermittently on sector 61.,Historical record reports component replacement after authorized troubleshooting. Planning summary only; no physical instructions.,REPLACEMENT,DEMO-PART-004,137,ENG-DXB-01,CLOSED,SYNTHETIC
HIST-0062,AC-003,DEMO-44-018,BRU,2026-05-13T06:05:00Z,Cabin display data intermittent; recorded intermittently on sector 62.,Historical record reports a connection-related indication issue corrected under the then-applicable work package. This does not establish the cause of a new defect.,INDICATION_CORRECTED,,35,ENG-BRU-01,CLOSED,SYNTHETIC
HIST-0063,AC-005,DEMO-44-031,DOH,2026-08-15T22:05:00Z,IFE interface intermittent; recorded intermittently on sector 63.,Historical record reports component replacement after authorized troubleshooting. Planning summary only; no physical instructions.,REPLACEMENT,DEMO-PART-011,121,ENG-DOH-01,CLOSED,SYNTHETIC
HIST-0064,AC-006,DEMO-25-019,AUH,2026-08-03T06:05:00Z,Seat control panel unresponsive; recorded intermittently on sector 64.,Historical record reports component replacement after authorized troubleshooting. Planning summary only; no physical instructions.,REPLACEMENT,DEMO-PART-005,166,ENG-AUH-01,CLOSED,SYNTHETIC
HIST-0065,AC-005,DEMO-44-018,MUC,2026-08-14T03:05:00Z,Cabin display data intermittent; recorded intermittently on sector 65.,Symptom not reproduced during recorded checks. Repeat history must remain visible; do not treat as proof that a new issue is harmless.,NO_FAULT_FOUND,,215,ENG-MUC-01,CLOSED,SYNTHETIC
HIST-0066,AC-001,DEMO-25-019,BRU,2026-04-09T23:05:00Z,Seat control panel unresponsive; recorded intermittently on sector 66.,Historical record reports a connection-related indication issue corrected under the then-applicable work package. This does not establish the cause of a new defect.,INDICATION_CORRECTED,,127,ENG-BRU-01,CLOSED,SYNTHETIC
HIST-0067,AC-002,DEMO-44-018,DXB,2026-04-10T05:05:00Z,Cabin display data intermittent; recorded intermittently on sector 67.,Historical record reports a connection-related indication issue corrected under the then-applicable work package. This does not establish the cause of a new defect.,INDICATION_CORRECTED,,44,ENG-DXB-01,CLOSED,SYNTHETIC
HIST-0068,AC-006,DEMO-33-012,DOH,2026-07-27T22:05:00Z,Passenger reading light intermittent; recorded intermittently on sector 68.,Follow-up engineering review recorded; case closed only after separately authorized action.,MONITORING_REQUIRED,,192,ENG-DOH-01,CLOSED,SYNTHETIC
HIST-0069,AC-004,DEMO-33-012,CDG,2026-06-24T04:05:00Z,Passenger reading light intermittent; recorded intermittently on sector 69.,Historical record reports component replacement after authorized troubleshooting. Planning summary only; no physical instructions.,REPLACEMENT,DEMO-PART-004,165,ENG-CDG-01,CLOSED,SYNTHETIC
HIST-0070,AC-001,DEMO-33-012,AMS,2026-06-18T23:05:00Z,Passenger reading light intermittent; recorded intermittently on sector 70.,Historical record reports component replacement after authorized troubleshooting. Planning summary only; no physical instructions.,REPLACEMENT,DEMO-PART-004,108,ENG-AMS-01,CLOSED,SYNTHETIC
HIST-0071,AC-005,DEMO-25-027,BRU,2026-07-25T03:05:00Z,Galley status display indication; recorded intermittently on sector 71.,Historical record reports a connection-related indication issue corrected under the then-applicable work package. This does not establish the cause of a new defect.,INDICATION_CORRECTED,,31,ENG-BRU-01,CLOSED,SYNTHETIC
HIST-0072,AC-002,DEMO-44-018,ZRH,2026-07-22T05:05:00Z,Cabin display data intermittent; recorded intermittently on sector 72.,Historical record reports component replacement after authorized troubleshooting. Planning summary only; no physical instructions.,REPLACEMENT,DEMO-PART-003,136,ENG-ZRH-01,CLOSED,SYNTHETIC
HIST-0073,AC-006,DEMO-A350-21-047,ZRH,2026-06-18T00:05:00Z,Intermittent cabin-zone temperature indication; recorded intermittently on sector 73.,Follow-up engineering review recorded; case closed only after separately authorized action.,MONITORING_REQUIRED,,174,ENG-ZRH-01,CLOSED,SYNTHETIC
HIST-0074,AC-004,DEMO-44-018,DXB,2026-06-24T04:05:00Z,Cabin display data intermittent; recorded intermittently on sector 74.,Follow-up engineering review recorded; case closed only after separately authorized action.,MONITORING_REQUIRED,,82,ENG-DXB-01,CLOSED,SYNTHETIC
HIST-0075,AC-004,DEMO-44-031,AMS,2026-05-12T05:05:00Z,IFE interface intermittent; recorded intermittently on sector 75.,Historical record reports a connection-related indication issue corrected under the then-applicable work package. This does not establish the cause of a new defect.,INDICATION_CORRECTED,,70,ENG-AMS-01,CLOSED,SYNTHETIC
HIST-0076,AC-004,DEMO-44-018,AMS,2026-05-09T23:05:00Z,Cabin display data intermittent; recorded intermittently on sector 76.,Symptom not reproduced during recorded checks. Repeat history must remain visible; do not treat as proof that a new issue is harmless.,NO_FAULT_FOUND,,121,ENG-AMS-01,CLOSED,SYNTHETIC
HIST-0077,AC-005,DEMO-44-018,CDG,2026-04-05T05:05:00Z,Cabin display data intermittent; recorded intermittently on sector 77.,Follow-up engineering review recorded; case closed only after separately authorized action.,MONITORING_REQUIRED,,41,ENG-CDG-01,CLOSED,SYNTHETIC
HIST-0078,AC-006,DEMO-25-019,VIE,2026-03-23T22:05:00Z,Seat control panel unresponsive; recorded intermittently on sector 78.,Historical record reports a connection-related indication issue corrected under the then-applicable work package. This does not establish the cause of a new defect.,INDICATION_CORRECTED,,102,ENG-VIE-01,CLOSED,SYNTHETIC
HIST-0079,AC-002,DEMO-44-031,AMS,2026-04-20T23:05:00Z,IFE interface intermittent; recorded intermittently on sector 79.,Historical record reports component replacement after authorized troubleshooting. Planning summary only; no physical instructions.,REPLACEMENT,DEMO-PART-011,107,ENG-AMS-01,CLOSED,SYNTHETIC
HIST-0080,AC-005,DEMO-44-031,LHR,2026-06-09T04:05:00Z,IFE interface intermittent; recorded intermittently on sector 80.,Follow-up engineering review recorded; case closed only after separately authorized action.,MONITORING_REQUIRED,,83,ENG-LHR-01,CLOSED,SYNTHETIC
HIST-0081,AC-006,DEMO-25-019,AUH,2026-06-17T00:05:00Z,Seat control panel unresponsive; recorded intermittently on sector 81.,Historical record reports a connection-related indication issue corrected under the then-applicable work package. This does not establish the cause of a new defect.,INDICATION_CORRECTED,,173,ENG-AUH-01,CLOSED,SYNTHETIC
HIST-0082,AC-006,DEMO-25-019,FRA,2026-08-29T04:05:00Z,Seat control panel unresponsive; recorded intermittently on sector 82.,Follow-up engineering review recorded; case closed only after separately authorized action.,MONITORING_REQUIRED,,173,ENG-FRA-01,CLOSED,SYNTHETIC
HIST-0083,AC-005,DEMO-44-018,AMS,2026-04-23T01:05:00Z,Cabin display data intermittent; recorded intermittently on sector 83.,Historical record reports component replacement after authorized troubleshooting. Planning summary only; no physical instructions.,REPLACEMENT,DEMO-PART-003,202,ENG-AMS-01,CLOSED,SYNTHETIC
HIST-0084,AC-005,DEMO-25-027,BRU,2026-07-09T05:05:00Z,Galley status display indication; recorded intermittently on sector 84.,Follow-up engineering review recorded; case closed only after separately authorized action.,MONITORING_REQUIRED,,76,ENG-BRU-01,CLOSED,SYNTHETIC
HIST-0085,AC-006,DEMO-33-012,FCO,2026-07-15T04:05:00Z,Passenger reading light intermittent; recorded intermittently on sector 85.,Follow-up engineering review recorded; case closed only after separately authorized action.,MONITORING_REQUIRED,,102,ENG-FCO-01,CLOSED,SYNTHETIC
HIST-0086,AC-004,DEMO-A350-21-047,DOH,2026-04-25T05:05:00Z,Intermittent cabin-zone temperature indication; recorded intermittently on sector 86.,Follow-up engineering review recorded; case closed only after separately authorized action.,MONITORING_REQUIRED,,83,ENG-DOH-01,CLOSED,SYNTHETIC
HIST-0087,AC-003,DEMO-44-031,VIE,2026-06-02T03:05:00Z,IFE interface intermittent; recorded intermittently on sector 87.,Symptom not reproduced during recorded checks. Repeat history must remain visible; do not treat as proof that a new issue is harmless.,NO_FAULT_FOUND,,159,ENG-VIE-01,CLOSED,SYNTHETIC
HIST-0088,AC-001,DEMO-33-012,ZRH,2026-05-09T03:05:00Z,Passenger reading light intermittent; recorded intermittently on sector 88.,Historical record reports component replacement after authorized troubleshooting. Planning summary only; no physical instructions.,REPLACEMENT,DEMO-PART-004,207,ENG-ZRH-01,CLOSED,SYNTHETIC
HIST-0089,AC-005,DEMO-44-018,DXB,2026-03-19T06:05:00Z,Cabin display data intermittent; recorded intermittently on sector 89.,Symptom not reproduced during recorded checks. Repeat history must remain visible; do not treat as proof that a new issue is harmless.,NO_FAULT_FOUND,,126,ENG-DXB-01,CLOSED,SYNTHETIC
HIST-0090,AC-005,DEMO-44-031,AUH,2026-06-12T06:05:00Z,IFE interface intermittent; recorded intermittently on sector 90.,Historical record reports a connection-related indication issue corrected under the then-applicable work package. This does not establish the cause of a new defect.,INDICATION_CORRECTED,,145,ENG-AUH-01,CLOSED,SYNTHETIC
HIST-0091,AC-004,DEMO-A350-21-047,LHR,2026-04-25T01:05:00Z,Intermittent cabin-zone temperature indication; recorded intermittently on sector 91.,Historical record reports component replacement after authorized troubleshooting. Planning summary only; no physical instructions.,REPLACEMENT,DEMO-CZT-100,198,ENG-LHR-01,CLOSED,SYNTHETIC
HIST-0092,AC-006,DEMO-44-018,MUC,2026-03-26T06:05:00Z,Cabin display data intermittent; recorded intermittently on sector 92.,Historical record reports a connection-related indication issue corrected under the then-applicable work package. This does not establish the cause of a new defect.,INDICATION_CORRECTED,,144,ENG-MUC-01,CLOSED,SYNTHETIC
HIST-0093,AC-003,DEMO-33-012,VIE,2026-08-16T01:05:00Z,Passenger reading light intermittent; recorded intermittently on sector 93.,Historical record reports component replacement after authorized troubleshooting. Planning summary only; no physical instructions.,REPLACEMENT,DEMO-PART-004,148,ENG-VIE-01,CLOSED,SYNTHETIC
HIST-0094,AC-002,DEMO-A350-21-047,ZRH,2026-07-26T02:05:00Z,Intermittent cabin-zone temperature indication; recorded intermittently on sector 94.,Historical record reports a connection-related indication issue corrected under the then-applicable work package. This does not establish the cause of a new defect.,INDICATION_CORRECTED,,140,ENG-ZRH-01,CLOSED,SYNTHETIC
HIST-0095,AC-006,DEMO-44-018,BRU,2026-04-24T23:05:00Z,Cabin display data intermittent; recorded intermittently on sector 95.,Historical record reports a connection-related indication issue corrected under the then-applicable work package. This does not establish the cause of a new defect.,INDICATION_CORRECTED,,27,ENG-BRU-01,CLOSED,SYNTHETIC
HIST-0096,AC-001,DEMO-44-031,BRU,2026-05-02T23:05:00Z,IFE interface intermittent; recorded intermittently on sector 96.,Follow-up engineering review recorded; case closed only after separately authorized action.,MONITORING_REQUIRED,,57,ENG-BRU-01,CLOSED,SYNTHETIC
HIST-0097,AC-004,DEMO-25-019,LHR,2026-06-30T23:05:00Z,Seat control panel unresponsive; recorded intermittently on sector 97.,Historical record reports a connection-related indication issue corrected under the then-applicable work package. This does not establish the cause of a new defect.,INDICATION_CORRECTED,,76,ENG-LHR-01,CLOSED,SYNTHETIC
HIST-0098,AC-003,DEMO-25-027,FRA,2026-07-06T05:05:00Z,Galley status display indication; recorded intermittently on sector 98.,Symptom not reproduced during recorded checks. Repeat history must remain visible; do not treat as proof that a new issue is harmless.,NO_FAULT_FOUND,,105,ENG-FRA-01,CLOSED,SYNTHETIC
HIST-0099,AC-002,DEMO-33-012,MUC,2026-08-21T05:05:00Z,Passenger reading light intermittent; recorded intermittently on sector 99.,Follow-up engineering review recorded; case closed only after separately authorized action.,MONITORING_REQUIRED,,25,ENG-MUC-01,CLOSED,SYNTHETIC
HIST-0100,AC-004,DEMO-44-031,AMS,2026-06-22T23:05:00Z,IFE interface intermittent; recorded intermittently on sector 100.,Follow-up engineering review recorded; case closed only after separately authorized action.,MONITORING_REQUIRED,,64,ENG-AMS-01,CLOSED,SYNTHETIC
HIST-0101,AC-005,DEMO-44-031,FCO,2026-04-06T04:05:00Z,IFE interface intermittent; recorded intermittently on sector 101.,Follow-up engineering review recorded; case closed only after separately authorized action.,MONITORING_REQUIRED,,137,ENG-FCO-01,CLOSED,SYNTHETIC
HIST-0102,AC-006,DEMO-33-012,LHR,2026-03-21T04:05:00Z,Passenger reading light intermittent; recorded intermittently on sector 102.,Historical record reports component replacement after authorized troubleshooting. Planning summary only; no physical instructions.,REPLACEMENT,DEMO-PART-004,160,ENG-LHR-01,CLOSED,SYNTHETIC
HIST-0103,AC-002,DEMO-25-019,DXB,2026-06-03T05:05:00Z,Seat control panel unresponsive; recorded intermittently on sector 103.,Historical record reports component replacement after authorized troubleshooting. Planning summary only; no physical instructions.,REPLACEMENT,DEMO-PART-005,223,ENG-DXB-01,CLOSED,SYNTHETIC
HIST-0104,AC-006,DEMO-25-027,DOH,2026-08-30T05:05:00Z,Galley status display indication; recorded intermittently on sector 104.,Symptom not reproduced during recorded checks. Repeat history must remain visible; do not treat as proof that a new issue is harmless.,NO_FAULT_FOUND,,27,ENG-DOH-01,CLOSED,SYNTHETIC
HIST-0105,AC-002,DEMO-33-012,DOH,2026-03-25T04:05:00Z,Passenger reading light intermittent; recorded intermittently on sector 105.,Historical record reports component replacement after authorized troubleshooting. Planning summary only; no physical instructions.,REPLACEMENT,DEMO-PART-004,208,ENG-DOH-01,CLOSED,SYNTHETIC
HIST-0106,AC-005,DEMO-A350-21-047,FCO,2026-04-25T03:05:00Z,Intermittent cabin-zone temperature indication; recorded intermittently on sector 106.,Symptom not reproduced during recorded checks. Repeat history must remain visible; do not treat as proof that a new issue is harmless.,NO_FAULT_FOUND,,70,ENG-FCO-01,CLOSED,SYNTHETIC
HIST-0107,AC-003,DEMO-A350-21-047,FRA,2026-09-01T03:05:00Z,Intermittent cabin-zone temperature indication; recorded intermittently on sector 107.,Follow-up engineering review recorded; case closed only after separately authorized action.,MONITORING_REQUIRED,,204,ENG-FRA-01,CLOSED,SYNTHETIC
HIST-0108,AC-001,DEMO-25-027,DOH,2026-05-20T23:05:00Z,Galley status display indication; recorded intermittently on sector 108.,Historical record reports component replacement after authorized troubleshooting. Planning summary only; no physical instructions.,REPLACEMENT,DEMO-PART-006,114,ENG-DOH-01,CLOSED,SYNTHETIC
HIST-0109,AC-005,DEMO-33-012,DXB,2026-07-04T06:05:00Z,Passenger reading light intermittent; recorded intermittently on sector 109.,Historical record reports a connection-related indication issue corrected under the then-applicable work package. This does not establish the cause of a new defect.,INDICATION_CORRECTED,,138,ENG-DXB-01,CLOSED,SYNTHETIC
HIST-0110,AC-004,DEMO-44-031,DOH,2026-07-19T02:05:00Z,IFE interface intermittent; recorded intermittently on sector 110.,Historical record reports component replacement after authorized troubleshooting. Planning summary only; no physical instructions.,REPLACEMENT,DEMO-PART-011,150,ENG-DOH-01,CLOSED,SYNTHETIC
HIST-0111,AC-001,DEMO-44-018,FRA,2026-05-12T22:05:00Z,Cabin display data intermittent; recorded intermittently on sector 111.,Historical record reports component replacement after authorized troubleshooting. Planning summary only; no physical instructions.,REPLACEMENT,DEMO-PART-003,110,ENG-FRA-01,CLOSED,SYNTHETIC
HIST-0112,AC-001,DEMO-25-027,AMS,2026-09-11T05:05:00Z,Galley status display indication; recorded intermittently on sector 112.,Follow-up engineering review recorded; case closed only after separately authorized action.,MONITORING_REQUIRED,,81,ENG-AMS-01,CLOSED,SYNTHETIC
HIST-0113,AC-005,DEMO-25-027,LHR,2026-05-17T06:05:00Z,Galley status display indication; recorded intermittently on sector 113.,Historical record reports component replacement after authorized troubleshooting. Planning summary only; no physical instructions.,REPLACEMENT,DEMO-PART-006,36,ENG-LHR-01,CLOSED,SYNTHETIC
HIST-0114,AC-006,DEMO-44-018,AMS,2026-04-28T06:05:00Z,Cabin display data intermittent; recorded intermittently on sector 114.,Historical record reports component replacement after authorized troubleshooting. Planning summary only; no physical instructions.,REPLACEMENT,DEMO-PART-003,224,ENG-AMS-01,CLOSED,SYNTHETIC
HIST-0115,AC-005,DEMO-44-018,MUC,2026-04-27T01:05:00Z,Cabin display data intermittent; recorded intermittently on sector 115.,Historical record reports a connection-related indication issue corrected under the then-applicable work package. This does not establish the cause of a new defect.,INDICATION_CORRECTED,,103,ENG-MUC-01,CLOSED,SYNTHETIC
HIST-0116,AC-006,DEMO-A350-21-047,ZRH,2026-03-24T01:05:00Z,Intermittent cabin-zone temperature indication; recorded intermittently on sector 116.,Historical record reports a connection-related indication issue corrected under the then-applicable work package. This does not establish the cause of a new defect.,INDICATION_CORRECTED,,196,ENG-ZRH-01,CLOSED,SYNTHETIC
HIST-0117,AC-006,DEMO-33-012,DOH,2026-08-30T22:05:00Z,Passenger reading light intermittent; recorded intermittently on sector 117.,Historical record reports component replacement after authorized troubleshooting. Planning summary only; no physical instructions.,REPLACEMENT,DEMO-PART-004,209,ENG-DOH-01,CLOSED,SYNTHETIC
HIST-0118,AC-006,DEMO-33-012,LHR,2026-09-07T00:05:00Z,Passenger reading light intermittent; recorded intermittently on sector 118.,Symptom not reproduced during recorded checks. Repeat history must remain visible; do not treat as proof that a new issue is harmless.,NO_FAULT_FOUND,,182,ENG-LHR-01,CLOSED,SYNTHETIC
HIST-0119,AC-004,DEMO-33-012,FRA,2026-08-27T01:05:00Z,Passenger reading light intermittent; recorded intermittently on sector 119.,Follow-up engineering review recorded; case closed only after separately authorized action.,MONITORING_REQUIRED,,187,ENG-FRA-01,CLOSED,SYNTHETIC
HIST-0120,AC-006,DEMO-A350-21-047,FCO,2026-07-27T02:05:00Z,Intermittent cabin-zone temperature indication; recorded intermittently on sector 120.,Symptom not reproduced during recorded checks. Repeat history must remain visible; do not treat as proof that a new issue is harmless.,NO_FAULT_FOUND,,206,ENG-FCO-01,CLOSED,SYNTHETIC
HIST-0121,AC-002,DEMO-A350-21-047,BRU,2026-06-19T06:05:00Z,Intermittent cabin-zone temperature indication; recorded intermittently on sector 121.,Historical record reports a connection-related indication issue corrected under the then-applicable work package. This does not establish the cause of a new defect.,INDICATION_CORRECTED,,72,ENG-BRU-01,CLOSED,SYNTHETIC
HIST-0122,AC-005,DEMO-25-027,MUC,2026-04-27T06:05:00Z,Galley status display indication; recorded intermittently on sector 122.,Follow-up engineering review recorded; case closed only after separately authorized action.,MONITORING_REQUIRED,,41,ENG-MUC-01,CLOSED,SYNTHETIC
HIST-0123,AC-001,DEMO-A350-21-047,DOH,2026-06-19T03:05:00Z,Intermittent cabin-zone temperature indication; recorded intermittently on sector 123.,Symptom not reproduced during recorded checks. Repeat history must remain visible; do not treat as proof that a new issue is harmless.,NO_FAULT_FOUND,,75,ENG-DOH-01,CLOSED,SYNTHETIC
HIST-0124,AC-001,DEMO-A350-21-047,FCO,2026-05-08T01:05:00Z,Intermittent cabin-zone temperature indication; recorded intermittently on sector 124.,Follow-up engineering review recorded; case closed only after separately authorized action.,MONITORING_REQUIRED,,80,ENG-FCO-01,CLOSED,SYNTHETIC
HIST-0125,AC-005,DEMO-A350-21-047,AMS,2026-05-18T00:05:00Z,Intermittent cabin-zone temperature indication; recorded intermittently on sector 125.,Follow-up engineering review recorded; case closed only after separately authorized action.,MONITORING_REQUIRED,,121,ENG-AMS-01,CLOSED,SYNTHETIC
HIST-0126,AC-004,DEMO-44-031,BRU,2026-06-23T22:05:00Z,IFE interface intermittent; recorded intermittently on sector 126.,Symptom not reproduced during recorded checks. Repeat history must remain visible; do not treat as proof that a new issue is harmless.,NO_FAULT_FOUND,,167,ENG-BRU-01,CLOSED,SYNTHETIC
HIST-0127,AC-005,DEMO-33-012,DOH,2026-08-25T22:05:00Z,Passenger reading light intermittent; recorded intermittently on sector 127.,Follow-up engineering review recorded; case closed only after separately authorized action.,MONITORING_REQUIRED,,146,ENG-DOH-01,CLOSED,SYNTHETIC
HIST-0128,AC-006,DEMO-25-027,BRU,2026-04-27T01:05:00Z,Galley status display indication; recorded intermittently on sector 128.,Follow-up engineering review recorded; case closed only after separately authorized action.,MONITORING_REQUIRED,,92,ENG-BRU-01,CLOSED,SYNTHETIC
HIST-0129,AC-006,DEMO-25-019,LHR,2026-07-19T05:05:00Z,Seat control panel unresponsive; recorded intermittently on sector 129.,Follow-up engineering review recorded; case closed only after separately authorized action.,MONITORING_REQUIRED,,162,ENG-LHR-01,CLOSED,SYNTHETIC
HIST-0130,AC-003,DEMO-33-012,BRU,2026-03-24T04:05:00Z,Passenger reading light intermittent; recorded intermittently on sector 130.,Historical record reports a connection-related indication issue corrected under the then-applicable work package. This does not establish the cause of a new defect.,INDICATION_CORRECTED,,65,ENG-BRU-01,CLOSED,SYNTHETIC
HIST-0131,AC-005,DEMO-A350-21-047,BRU,2026-04-19T03:05:00Z,Intermittent cabin-zone temperature indication; recorded intermittently on sector 131.,Historical record reports a connection-related indication issue corrected under the then-applicable work package. This does not establish the cause of a new defect.,INDICATION_CORRECTED,,211,ENG-BRU-01,CLOSED,SYNTHETIC
HIST-0132,AC-001,DEMO-44-018,AMS,2026-09-10T05:05:00Z,Cabin display data intermittent; recorded intermittently on sector 132.,Symptom not reproduced during recorded checks. Repeat history must remain visible; do not treat as proof that a new issue is harmless.,NO_FAULT_FOUND,,135,ENG-AMS-01,CLOSED,SYNTHETIC
HIST-0133,AC-004,DEMO-44-018,LHR,2026-06-06T22:05:00Z,Cabin display data intermittent; recorded intermittently on sector 133.,Historical record reports a connection-related indication issue corrected under the then-applicable work package. This does not establish the cause of a new defect.,INDICATION_CORRECTED,,108,ENG-LHR-01,CLOSED,SYNTHETIC
HIST-0134,AC-003,DEMO-A350-21-047,FRA,2026-07-20T04:05:00Z,Intermittent cabin-zone temperature indication; recorded intermittently on sector 134.,Historical record reports component replacement after authorized troubleshooting. Planning summary only; no physical instructions.,REPLACEMENT,DEMO-CZT-100,196,ENG-FRA-01,CLOSED,SYNTHETIC
HIST-0135,AC-001,DEMO-44-031,AMS,2026-07-11T06:05:00Z,IFE interface intermittent; recorded intermittently on sector 135.,Follow-up engineering review recorded; case closed only after separately authorized action.,MONITORING_REQUIRED,,223,ENG-AMS-01,CLOSED,SYNTHETIC
HIST-0136,AC-003,DEMO-25-027,FRA,2026-04-13T03:05:00Z,Galley status display indication; recorded intermittently on sector 136.,Historical record reports a connection-related indication issue corrected under the then-applicable work package. This does not establish the cause of a new defect.,INDICATION_CORRECTED,,144,ENG-FRA-01,CLOSED,SYNTHETIC
HIST-0137,AC-001,DEMO-25-019,ZRH,2026-08-09T03:05:00Z,Seat control panel unresponsive; recorded intermittently on sector 137.,Historical record reports a connection-related indication issue corrected under the then-applicable work package. This does not establish the cause of a new defect.,INDICATION_CORRECTED,,156,ENG-ZRH-01,CLOSED,SYNTHETIC
HIST-0138,AC-004,DEMO-25-027,LHR,2026-06-09T22:05:00Z,Galley status display indication; recorded intermittently on sector 138.,Historical record reports a connection-related indication issue corrected under the then-applicable work package. This does not establish the cause of a new defect.,INDICATION_CORRECTED,,124,ENG-LHR-01,CLOSED,SYNTHETIC
HIST-0139,AC-006,DEMO-25-019,AUH,2026-05-22T05:05:00Z,Seat control panel unresponsive; recorded intermittently on sector 139.,Follow-up engineering review recorded; case closed only after separately authorized action.,MONITORING_REQUIRED,,158,ENG-AUH-01,CLOSED,SYNTHETIC
HIST-0140,AC-004,DEMO-44-031,FRA,2026-09-04T04:05:00Z,IFE interface intermittent; recorded intermittently on sector 140.,Symptom not reproduced during recorded checks. Repeat history must remain visible; do not treat as proof that a new issue is harmless.,NO_FAULT_FOUND,,133,ENG-FRA-01,CLOSED,SYNTHETIC
HIST-0141,AC-005,DEMO-33-012,FRA,2026-07-03T04:05:00Z,Passenger reading light intermittent; recorded intermittently on sector 141.,Symptom not reproduced during recorded checks. Repeat history must remain visible; do not treat as proof that a new issue is harmless.,NO_FAULT_FOUND,,148,ENG-FRA-01,CLOSED,SYNTHETIC
HIST-0142,AC-002,DEMO-25-027,AUH,2026-07-30T05:05:00Z,Galley status display indication; recorded intermittently on sector 142.,Historical record reports component replacement after authorized troubleshooting. Planning summary only; no physical instructions.,REPLACEMENT,DEMO-PART-006,81,ENG-AUH-01,CLOSED,SYNTHETIC
HIST-0143,AC-002,DEMO-44-031,DOH,2026-06-24T00:05:00Z,IFE interface intermittent; recorded intermittently on sector 143.,Historical record reports component replacement after authorized troubleshooting. Planning summary only; no physical instructions.,REPLACEMENT,DEMO-PART-011,103,ENG-DOH-01,CLOSED,SYNTHETIC
HIST-0144,AC-004,DEMO-33-012,MUC,2026-08-02T02:05:00Z,Passenger reading light intermittent; recorded intermittently on sector 144.,Historical record reports component replacement after authorized troubleshooting. Planning summary only; no physical instructions.,REPLACEMENT,DEMO-PART-004,160,ENG-MUC-01,CLOSED,SYNTHETIC
HIST-0145,AC-002,DEMO-A350-21-047,AMS,2026-06-15T05:05:00Z,Intermittent cabin-zone temperature indication; recorded intermittently on sector 145.,Follow-up engineering review recorded; case closed only after separately authorized action.,MONITORING_REQUIRED,,98,ENG-AMS-01,CLOSED,SYNTHETIC
HIST-0146,AC-005,DEMO-44-031,MUC,2026-03-31T23:05:00Z,IFE interface intermittent; recorded intermittently on sector 146.,Historical record reports component replacement after authorized troubleshooting. Planning summary only; no physical instructions.,REPLACEMENT,DEMO-PART-011,184,ENG-MUC-01,CLOSED,SYNTHETIC
HIST-0147,AC-003,DEMO-44-018,FRA,2026-09-01T01:05:00Z,Cabin display data intermittent; recorded intermittently on sector 147.,Symptom not reproduced during recorded checks. Repeat history must remain visible; do not treat as proof that a new issue is harmless.,NO_FAULT_FOUND,,199,ENG-FRA-01,CLOSED,SYNTHETIC
HIST-0148,AC-005,DEMO-A350-21-047,BRU,2026-05-28T02:05:00Z,Intermittent cabin-zone temperature indication; recorded intermittently on sector 148.,Symptom not reproduced during recorded checks. Repeat history must remain visible; do not treat as proof that a new issue is harmless.,NO_FAULT_FOUND,,190,ENG-BRU-01,CLOSED,SYNTHETIC
HIST-0149,AC-005,DEMO-44-018,FCO,2026-07-27T22:05:00Z,Cabin display data intermittent; recorded intermittently on sector 149.,Historical record reports a connection-related indication issue corrected under the then-applicable work package. This does not establish the cause of a new defect.,INDICATION_CORRECTED,,172,ENG-FCO-01,CLOSED,SYNTHETIC
HIST-0150,AC-001,DEMO-25-027,AUH,2026-06-20T02:05:00Z,Galley status display indication; recorded intermittently on sector 150.,Historical record reports a connection-related indication issue corrected under the then-applicable work package. This does not establish the cause of a new defect.,INDICATION_CORRECTED,,59,ENG-AUH-01,CLOSED,SYNTHETIC
HIST-0151,AC-005,DEMO-33-012,LHR,2026-06-05T00:05:00Z,Passenger reading light intermittent; recorded intermittently on sector 151.,Follow-up engineering review recorded; case closed only after separately authorized action.,MONITORING_REQUIRED,,195,ENG-LHR-01,CLOSED,SYNTHETIC
HIST-0152,AC-001,DEMO-25-027,VIE,2026-04-05T00:05:00Z,Galley status display indication; recorded intermittently on sector 152.,Historical record reports a connection-related indication issue corrected under the then-applicable work package. This does not establish the cause of a new defect.,INDICATION_CORRECTED,,172,ENG-VIE-01,CLOSED,SYNTHETIC
HIST-0153,AC-005,DEMO-25-027,AMS,2026-03-31T04:05:00Z,Galley status display indication; recorded intermittently on sector 153.,Historical record reports a connection-related indication issue corrected under the then-applicable work package. This does not establish the cause of a new defect.,INDICATION_CORRECTED,,53,ENG-AMS-01,CLOSED,SYNTHETIC
HIST-0154,AC-003,DEMO-44-018,VIE,2026-08-31T02:05:00Z,Cabin display data intermittent; recorded intermittently on sector 154.,Historical record reports component replacement after authorized troubleshooting. Planning summary only; no physical instructions.,REPLACEMENT,DEMO-PART-003,74,ENG-VIE-01,CLOSED,SYNTHETIC
HIST-0155,AC-005,DEMO-A350-21-047,FCO,2026-08-19T05:05:00Z,Intermittent cabin-zone temperature indication; recorded intermittently on sector 155.,Follow-up engineering review recorded; case closed only after separately authorized action.,MONITORING_REQUIRED,,172,ENG-FCO-01,CLOSED,SYNTHETIC
HIST-0156,AC-004,DEMO-44-031,ZRH,2026-05-04T01:05:00Z,IFE interface intermittent; recorded intermittently on sector 156.,Symptom not reproduced during recorded checks. Repeat history must remain visible; do not treat as proof that a new issue is harmless.,NO_FAULT_FOUND,,207,ENG-ZRH-01,CLOSED,SYNTHETIC
HIST-0157,AC-001,DEMO-25-027,DOH,2026-05-06T04:05:00Z,Galley status display indication; recorded intermittently on sector 157.,Symptom not reproduced during recorded checks. Repeat history must remain visible; do not treat as proof that a new issue is harmless.,NO_FAULT_FOUND,,176,ENG-DOH-01,CLOSED,SYNTHETIC
HIST-0158,AC-002,DEMO-25-027,MUC,2026-07-29T02:05:00Z,Galley status display indication; recorded intermittently on sector 158.,Historical record reports a connection-related indication issue corrected under the then-applicable work package. This does not establish the cause of a new defect.,INDICATION_CORRECTED,,194,ENG-MUC-01,CLOSED,SYNTHETIC
HIST-0159,AC-003,DEMO-A350-21-047,BRU,2026-06-10T23:05:00Z,Intermittent cabin-zone temperature indication; recorded intermittently on sector 159.,Historical record reports a connection-related indication issue corrected under the then-applicable work package. This does not establish the cause of a new defect.,INDICATION_CORRECTED,,134,ENG-BRU-01,CLOSED,SYNTHETIC
HIST-0160,AC-001,DEMO-A350-21-047,BRU,2026-04-03T03:05:00Z,Intermittent cabin-zone temperature indication; recorded intermittently on sector 160.,Follow-up engineering review recorded; case closed only after separately authorized action.,MONITORING_REQUIRED,,201,ENG-BRU-01,CLOSED,SYNTHETIC
HIST-0161,AC-004,DEMO-25-019,MUC,2026-08-25T04:05:00Z,Seat control panel unresponsive; recorded intermittently on sector 161.,Historical record reports a connection-related indication issue corrected under the then-applicable work package. This does not establish the cause of a new defect.,INDICATION_CORRECTED,,182,ENG-MUC-01,CLOSED,SYNTHETIC
HIST-0162,AC-001,DEMO-A350-21-047,ZRH,2026-04-28T22:05:00Z,Intermittent cabin-zone temperature indication; recorded intermittently on sector 162.,Follow-up engineering review recorded; case closed only after separately authorized action.,MONITORING_REQUIRED,,139,ENG-ZRH-01,CLOSED,SYNTHETIC
HIST-0163,AC-003,DEMO-25-019,DXB,2026-07-05T04:05:00Z,Seat control panel unresponsive; recorded intermittently on sector 163.,Historical record reports a connection-related indication issue corrected under the then-applicable work package. This does not establish the cause of a new defect.,INDICATION_CORRECTED,,151,ENG-DXB-01,CLOSED,SYNTHETIC
HIST-0164,AC-003,DEMO-44-031,FRA,2026-07-19T02:05:00Z,IFE interface intermittent; recorded intermittently on sector 164.,Historical record reports a connection-related indication issue corrected under the then-applicable work package. This does not establish the cause of a new defect.,INDICATION_CORRECTED,,81,ENG-FRA-01,CLOSED,SYNTHETIC
HIST-0165,AC-004,DEMO-44-031,ZRH,2026-06-07T22:05:00Z,IFE interface intermittent; recorded intermittently on sector 165.,Historical record reports a connection-related indication issue corrected under the then-applicable work package. This does not establish the cause of a new defect.,INDICATION_CORRECTED,,46,ENG-ZRH-01,CLOSED,SYNTHETIC
HIST-0166,AC-003,DEMO-A350-21-047,CDG,2026-07-10T04:05:00Z,Intermittent cabin-zone temperature indication; recorded intermittently on sector 166.,Historical record reports a connection-related indication issue corrected under the then-applicable work package. This does not establish the cause of a new defect.,INDICATION_CORRECTED,,101,ENG-CDG-01,CLOSED,SYNTHETIC
HIST-0167,AC-002,DEMO-44-018,FRA,2026-03-22T22:05:00Z,Cabin display data intermittent; recorded intermittently on sector 167.,Historical record reports a connection-related indication issue corrected under the then-applicable work package. This does not establish the cause of a new defect.,INDICATION_CORRECTED,,144,ENG-FRA-01,CLOSED,SYNTHETIC
HIST-0168,AC-005,DEMO-25-019,MUC,2026-04-16T03:05:00Z,Seat control panel unresponsive; recorded intermittently on sector 168.,Historical record reports a connection-related indication issue corrected under the then-applicable work package. This does not establish the cause of a new defect.,INDICATION_CORRECTED,,216,ENG-MUC-01,CLOSED,SYNTHETIC
HIST-0169,AC-005,DEMO-33-012,VIE,2026-08-20T04:05:00Z,Passenger reading light intermittent; recorded intermittently on sector 169.,Historical record reports a connection-related indication issue corrected under the then-applicable work package. This does not establish the cause of a new defect.,INDICATION_CORRECTED,,47,ENG-VIE-01,CLOSED,SYNTHETIC
HIST-0170,AC-003,DEMO-44-031,FRA,2026-08-08T01:05:00Z,IFE interface intermittent; recorded intermittently on sector 170.,Historical record reports component replacement after authorized troubleshooting. Planning summary only; no physical instructions.,REPLACEMENT,DEMO-PART-011,164,ENG-FRA-01,CLOSED,SYNTHETIC
HIST-0171,AC-005,DEMO-A350-21-047,FCO,2026-05-24T02:05:00Z,Intermittent cabin-zone temperature indication; recorded intermittently on sector 171.,Historical record reports a connection-related indication issue corrected under the then-applicable work package. This does not establish the cause of a new defect.,INDICATION_CORRECTED,,197,ENG-FCO-01,CLOSED,SYNTHETIC
HIST-0172,AC-006,DEMO-25-027,VIE,2026-08-25T06:05:00Z,Galley status display indication; recorded intermittently on sector 172.,Symptom not reproduced during recorded checks. Repeat history must remain visible; do not treat as proof that a new issue is harmless.,NO_FAULT_FOUND,,216,ENG-VIE-01,CLOSED,SYNTHETIC
HIST-0173,AC-004,DEMO-A350-21-047,FRA,2026-07-12T00:05:00Z,Intermittent cabin-zone temperature indication; recorded intermittently on sector 173.,Historical record reports a connection-related indication issue corrected under the then-applicable work package. This does not establish the cause of a new defect.,INDICATION_CORRECTED,,47,ENG-FRA-01,CLOSED,SYNTHETIC
HIST-0174,AC-005,DEMO-A350-21-047,DOH,2026-05-27T05:05:00Z,Intermittent cabin-zone temperature indication; recorded intermittently on sector 174.,Historical record reports component replacement after authorized troubleshooting. Planning summary only; no physical instructions.,REPLACEMENT,DEMO-CZT-100,162,ENG-DOH-01,CLOSED,SYNTHETIC
HIST-0175,AC-004,DEMO-25-019,FRA,2026-07-29T00:05:00Z,Seat control panel unresponsive; recorded intermittently on sector 175.,Symptom not reproduced during recorded checks. Repeat history must remain visible; do not treat as proof that a new issue is harmless.,NO_FAULT_FOUND,,57,ENG-FRA-01,CLOSED,SYNTHETIC
HIST-0176,AC-003,DEMO-25-027,FRA,2026-05-14T05:05:00Z,Galley status display indication; recorded intermittently on sector 176.,Follow-up engineering review recorded; case closed only after separately authorized action.,MONITORING_REQUIRED,,167,ENG-FRA-01,CLOSED,SYNTHETIC
HIST-0177,AC-003,DEMO-A350-21-047,AUH,2026-05-24T00:05:00Z,Intermittent cabin-zone temperature indication; recorded intermittently on sector 177.,Follow-up engineering review recorded; case closed only after separately authorized action.,MONITORING_REQUIRED,,219,ENG-AUH-01,CLOSED,SYNTHETIC
HIST-0178,AC-005,DEMO-44-018,AUH,2026-04-24T03:05:00Z,Cabin display data intermittent; recorded intermittently on sector 178.,Historical record reports a connection-related indication issue corrected under the then-applicable work package. This does not establish the cause of a new defect.,INDICATION_CORRECTED,,145,ENG-AUH-01,CLOSED,SYNTHETIC
HIST-0179,AC-004,DEMO-33-012,BRU,2026-07-19T22:05:00Z,Passenger reading light intermittent; recorded intermittently on sector 179.,Historical record reports a connection-related indication issue corrected under the then-applicable work package. This does not establish the cause of a new defect.,INDICATION_CORRECTED,,223,ENG-BRU-01,CLOSED,SYNTHETIC
HIST-0180,AC-002,DEMO-25-027,ZRH,2026-06-30T02:05:00Z,Galley status display indication; recorded intermittently on sector 180.,Historical record reports component replacement after authorized troubleshooting. Planning summary only; no physical instructions.,REPLACEMENT,DEMO-PART-006,80,ENG-ZRH-01,CLOSED,SYNTHETIC
HIST-0181,AC-004,DEMO-25-019,LHR,2026-08-19T00:05:00Z,Seat control panel unresponsive; recorded intermittently on sector 181.,Symptom not reproduced during recorded checks. Repeat history must remain visible; do not treat as proof that a new issue is harmless.,NO_FAULT_FOUND,,98,ENG-LHR-01,CLOSED,SYNTHETIC
HIST-0182,AC-001,DEMO-25-019,MUC,2026-03-23T06:05:00Z,Seat control panel unresponsive; recorded intermittently on sector 182.,Historical record reports component replacement after authorized troubleshooting. Planning summary only; no physical instructions.,REPLACEMENT,DEMO-PART-005,63,ENG-MUC-01,CLOSED,SYNTHETIC
HIST-0183,AC-005,DEMO-25-027,CDG,2026-05-16T23:05:00Z,Galley status display indication; recorded intermittently on sector 183.,Follow-up engineering review recorded; case closed only after separately authorized action.,MONITORING_REQUIRED,,124,ENG-CDG-01,CLOSED,SYNTHETIC
HIST-0184,AC-006,DEMO-44-018,AMS,2026-05-08T06:05:00Z,Cabin display data intermittent; recorded intermittently on sector 184.,Historical record reports a connection-related indication issue corrected under the then-applicable work package. This does not establish the cause of a new defect.,INDICATION_CORRECTED,,177,ENG-AMS-01,CLOSED,SYNTHETIC
HIST-0185,AC-003,DEMO-25-019,FCO,2026-05-15T00:05:00Z,Seat control panel unresponsive; recorded intermittently on sector 185.,Historical record reports component replacement after authorized troubleshooting. Planning summary only; no physical instructions.,REPLACEMENT,DEMO-PART-005,133,ENG-FCO-01,CLOSED,SYNTHETIC
HIST-0186,AC-006,DEMO-44-031,CDG,2026-09-10T23:05:00Z,IFE interface intermittent; recorded intermittently on sector 186.,Follow-up engineering review recorded; case closed only after separately authorized action.,MONITORING_REQUIRED,,171,ENG-CDG-01,CLOSED,SYNTHETIC
HIST-0187,AC-004,DEMO-25-019,DOH,2026-06-03T06:05:00Z,Seat control panel unresponsive; recorded intermittently on sector 187.,Historical record reports component replacement after authorized troubleshooting. Planning summary only; no physical instructions.,REPLACEMENT,DEMO-PART-005,154,ENG-DOH-01,CLOSED,SYNTHETIC
HIST-0188,AC-006,DEMO-25-027,VIE,2026-07-28T03:05:00Z,Galley status display indication; recorded intermittently on sector 188.,Historical record reports a connection-related indication issue corrected under the then-applicable work package. This does not establish the cause of a new defect.,INDICATION_CORRECTED,,164,ENG-VIE-01,CLOSED,SYNTHETIC
HIST-0189,AC-006,DEMO-25-027,AMS,2026-08-31T05:05:00Z,Galley status display indication; recorded intermittently on sector 189.,Historical record reports a connection-related indication issue corrected under the then-applicable work package. This does not establish the cause of a new defect.,INDICATION_CORRECTED,,59,ENG-AMS-01,CLOSED,SYNTHETIC
HIST-0190,AC-003,DEMO-33-012,DXB,2026-04-13T02:05:00Z,Passenger reading light intermittent; recorded intermittently on sector 190.,Historical record reports a connection-related indication issue corrected under the then-applicable work package. This does not establish the cause of a new defect.,INDICATION_CORRECTED,,125,ENG-DXB-01,CLOSED,SYNTHETIC
HIST-0191,AC-003,DEMO-44-031,BRU,2026-08-04T23:05:00Z,IFE interface intermittent; recorded intermittently on sector 191.,Historical record reports component replacement after authorized troubleshooting. Planning summary only; no physical instructions.,REPLACEMENT,DEMO-PART-011,55,ENG-BRU-01,CLOSED,SYNTHETIC
HIST-0192,AC-001,DEMO-33-012,ZRH,2026-03-27T01:05:00Z,Passenger reading light intermittent; recorded intermittently on sector 192.,Follow-up engineering review recorded; case closed only after separately authorized action.,MONITORING_REQUIRED,,159,ENG-ZRH-01,CLOSED,SYNTHETIC
HIST-0193,AC-001,DEMO-25-019,MUC,2026-04-15T23:05:00Z,Seat control panel unresponsive; recorded intermittently on sector 193.,Historical record reports component replacement after authorized troubleshooting. Planning summary only; no physical instructions.,REPLACEMENT,DEMO-PART-005,30,ENG-MUC-01,CLOSED,SYNTHETIC
HIST-0194,AC-003,DEMO-44-031,ZRH,2026-06-07T02:05:00Z,IFE interface intermittent; recorded intermittently on sector 194.,Historical record reports a connection-related indication issue corrected under the then-applicable work package. This does not establish the cause of a new defect.,INDICATION_CORRECTED,,65,ENG-ZRH-01,CLOSED,SYNTHETIC
HIST-0195,AC-002,DEMO-25-019,VIE,2026-08-16T06:05:00Z,Seat control panel unresponsive; recorded intermittently on sector 195.,Symptom not reproduced during recorded checks. Repeat history must remain visible; do not treat as proof that a new issue is harmless.,NO_FAULT_FOUND,,75,ENG-VIE-01,CLOSED,SYNTHETIC
HIST-0196,AC-006,DEMO-44-018,MUC,2026-03-18T22:05:00Z,Cabin display data intermittent; recorded intermittently on sector 196.,Historical record reports a connection-related indication issue corrected under the then-applicable work package. This does not establish the cause of a new defect.,INDICATION_CORRECTED,,224,ENG-MUC-01,CLOSED,SYNTHETIC
HIST-0197,AC-003,DEMO-33-012,DOH,2026-07-21T06:05:00Z,Passenger reading light intermittent; recorded intermittently on sector 197.,Historical record reports a connection-related indication issue corrected under the then-applicable work package. This does not establish the cause of a new defect.,INDICATION_CORRECTED,,194,ENG-DOH-01,CLOSED,SYNTHETIC
HIST-0198,AC-005,DEMO-25-019,LHR,2026-04-21T23:05:00Z,Seat control panel unresponsive; recorded intermittently on sector 198.,Historical record reports component replacement after authorized troubleshooting. Planning summary only; no physical instructions.,REPLACEMENT,DEMO-PART-005,194,ENG-LHR-01,CLOSED,SYNTHETIC
HIST-0199,AC-003,DEMO-25-019,MUC,2026-04-01T06:05:00Z,Seat control panel unresponsive; recorded intermittently on sector 199.,Historical record reports component replacement after authorized troubleshooting. Planning summary only; no physical instructions.,REPLACEMENT,DEMO-PART-005,174,ENG-MUC-01,CLOSED,SYNTHETIC
HIST-0200,AC-006,DEMO-33-012,VIE,2026-08-30T06:05:00Z,Passenger reading light intermittent; recorded intermittently on sector 200.,Follow-up engineering review recorded; case closed only after separately authorized action.,MONITORING_REQUIRED,,84,ENG-VIE-01,CLOSED,SYNTHETIC
HIST-0201,AC-002,DEMO-25-019,FRA,2026-05-09T05:05:00Z,Seat control panel unresponsive; recorded intermittently on sector 201.,Historical record reports a connection-related indication issue corrected under the then-applicable work package. This does not establish the cause of a new defect.,INDICATION_CORRECTED,,184,ENG-FRA-01,CLOSED,SYNTHETIC
HIST-0202,AC-004,DEMO-44-031,MUC,2026-09-07T04:05:00Z,IFE interface intermittent; recorded intermittently on sector 202.,Historical record reports component replacement after authorized troubleshooting. Planning summary only; no physical instructions.,REPLACEMENT,DEMO-PART-011,125,ENG-MUC-01,CLOSED,SYNTHETIC
HIST-0203,AC-006,DEMO-25-019,MUC,2026-08-25T01:05:00Z,Seat control panel unresponsive; recorded intermittently on sector 203.,Historical record reports a connection-related indication issue corrected under the then-applicable work package. This does not establish the cause of a new defect.,INDICATION_CORRECTED,,177,ENG-MUC-01,CLOSED,SYNTHETIC
HIST-0204,AC-004,DEMO-44-018,LHR,2026-04-16T04:05:00Z,Cabin display data intermittent; recorded intermittently on sector 204.,Historical record reports a connection-related indication issue corrected under the then-applicable work package. This does not establish the cause of a new defect.,INDICATION_CORRECTED,,31,ENG-LHR-01,CLOSED,SYNTHETIC
HIST-0205,AC-003,DEMO-44-018,DXB,2026-06-05T05:05:00Z,Cabin display data intermittent; recorded intermittently on sector 205.,Follow-up engineering review recorded; case closed only after separately authorized action.,MONITORING_REQUIRED,,117,ENG-DXB-01,CLOSED,SYNTHETIC
HIST-0206,AC-001,DEMO-33-012,ZRH,2026-08-03T03:05:00Z,Passenger reading light intermittent; recorded intermittently on sector 206.,Symptom not reproduced during recorded checks. Repeat history must remain visible; do not treat as proof that a new issue is harmless.,NO_FAULT_FOUND,,186,ENG-ZRH-01,CLOSED,SYNTHETIC
HIST-0207,AC-003,DEMO-25-027,DXB,2026-04-24T02:05:00Z,Galley status display indication; recorded intermittently on sector 207.,Follow-up engineering review recorded; case closed only after separately authorized action.,MONITORING_REQUIRED,,67,ENG-DXB-01,CLOSED,SYNTHETIC
HIST-0208,AC-001,DEMO-25-019,AUH,2026-07-02T04:05:00Z,Seat control panel unresponsive; recorded intermittently on sector 208.,Symptom not reproduced during recorded checks. Repeat history must remain visible; do not treat as proof that a new issue is harmless.,NO_FAULT_FOUND,,37,ENG-AUH-01,CLOSED,SYNTHETIC
HIST-0209,AC-004,DEMO-A350-21-047,AMS,2026-07-08T01:05:00Z,Intermittent cabin-zone temperature indication; recorded intermittently on sector 209.,Historical record reports component replacement after authorized troubleshooting. Planning summary only; no physical instructions.,REPLACEMENT,DEMO-CZT-100,171,ENG-AMS-01,CLOSED,SYNTHETIC
HIST-0210,AC-002,DEMO-44-031,MUC,2026-06-27T00:05:00Z,IFE interface intermittent; recorded intermittently on sector 210.,Historical record reports a connection-related indication issue corrected under the then-applicable work package. This does not establish the cause of a new defect.,INDICATION_CORRECTED,,73,ENG-MUC-01,CLOSED,SYNTHETIC
HIST-0211,AC-005,DEMO-25-019,ZRH,2026-04-17T23:05:00Z,Seat control panel unresponsive; recorded intermittently on sector 211.,Historical record reports a connection-related indication issue corrected under the then-applicable work package. This does not establish the cause of a new defect.,INDICATION_CORRECTED,,170,ENG-ZRH-01,CLOSED,SYNTHETIC
HIST-0212,AC-004,DEMO-33-012,AMS,2026-03-30T06:05:00Z,Passenger reading light intermittent; recorded intermittently on sector 212.,Historical record reports component replacement after authorized troubleshooting. Planning summary only; no physical instructions.,REPLACEMENT,DEMO-PART-004,192,ENG-AMS-01,CLOSED,SYNTHETIC
HIST-0213,AC-001,DEMO-25-019,VIE,2026-08-04T23:05:00Z,Seat control panel unresponsive; recorded intermittently on sector 213.,Historical record reports component replacement after authorized troubleshooting. Planning summary only; no physical instructions.,REPLACEMENT,DEMO-PART-005,164,ENG-VIE-01,CLOSED,SYNTHETIC
HIST-0214,AC-001,DEMO-A350-21-047,CDG,2026-07-12T01:05:00Z,Intermittent cabin-zone temperature indication; recorded intermittently on sector 214.,Historical record reports a connection-related indication issue corrected under the then-applicable work package. This does not establish the cause of a new defect.,INDICATION_CORRECTED,,25,ENG-CDG-01,CLOSED,SYNTHETIC
HIST-0215,AC-002,DEMO-A350-21-047,VIE,2026-03-24T22:05:00Z,Intermittent cabin-zone temperature indication; recorded intermittently on sector 215.,Follow-up engineering review recorded; case closed only after separately authorized action.,MONITORING_REQUIRED,,119,ENG-VIE-01,CLOSED,SYNTHETIC
HIST-0216,AC-001,DEMO-25-019,LHR,2026-06-26T04:05:00Z,Seat control panel unresponsive; recorded intermittently on sector 216.,Historical record reports component replacement after authorized troubleshooting. Planning summary only; no physical instructions.,REPLACEMENT,DEMO-PART-005,112,ENG-LHR-01,CLOSED,SYNTHETIC
HIST-0217,AC-005,DEMO-44-031,FCO,2026-07-06T05:05:00Z,IFE interface intermittent; recorded intermittently on sector 217.,Historical record reports component replacement after authorized troubleshooting. Planning summary only; no physical instructions.,REPLACEMENT,DEMO-PART-011,43,ENG-FCO-01,CLOSED,SYNTHETIC
HIST-0218,AC-005,DEMO-A350-21-047,DOH,2026-08-07T01:05:00Z,Intermittent cabin-zone temperature indication; recorded intermittently on sector 218.,Historical record reports component replacement after authorized troubleshooting. Planning summary only; no physical instructions.,REPLACEMENT,DEMO-CZT-100,48,ENG-DOH-01,CLOSED,SYNTHETIC
HIST-0219,AC-001,DEMO-44-018,FRA,2026-03-18T05:05:00Z,Cabin display data intermittent; recorded intermittently on sector 219.,Historical record reports a connection-related indication issue corrected under the then-applicable work package. This does not establish the cause of a new defect.,INDICATION_CORRECTED,,164,ENG-FRA-01,CLOSED,SYNTHETIC
HIST-0220,AC-001,DEMO-A350-21-047,LHR,2026-05-27T06:05:00Z,Intermittent cabin-zone temperature indication; recorded intermittently on sector 220.,Historical record reports component replacement after authorized troubleshooting. Planning summary only; no physical instructions.,REPLACEMENT,DEMO-CZT-100,218,ENG-LHR-01,CLOSED,SYNTHETIC
HIST-0221,AC-001,DEMO-25-027,FRA,2026-07-23T06:05:00Z,Galley status display indication; recorded intermittently on sector 221.,Historical record reports component replacement after authorized troubleshooting. Planning summary only; no physical instructions.,REPLACEMENT,DEMO-PART-006,147,ENG-FRA-01,CLOSED,SYNTHETIC
HIST-0222,AC-004,DEMO-44-031,AMS,2026-07-30T05:05:00Z,IFE interface intermittent; recorded intermittently on sector 222.,Follow-up engineering review recorded; case closed only after separately authorized action.,MONITORING_REQUIRED,,68,ENG-AMS-01,CLOSED,SYNTHETIC
HIST-0223,AC-001,DEMO-25-027,CDG,2026-07-17T05:05:00Z,Galley status display indication; recorded intermittently on sector 223.,Symptom not reproduced during recorded checks. Repeat history must remain visible; do not treat as proof that a new issue is harmless.,NO_FAULT_FOUND,,153,ENG-CDG-01,CLOSED,SYNTHETIC
HIST-0224,AC-005,DEMO-33-012,VIE,2026-04-16T02:05:00Z,Passenger reading light intermittent; recorded intermittently on sector 224.,Historical record reports a connection-related indication issue corrected under the then-applicable work package. This does not establish the cause of a new defect.,INDICATION_CORRECTED,,73,ENG-VIE-01,CLOSED,SYNTHETIC
HIST-0225,AC-004,DEMO-44-031,LHR,2026-04-04T06:05:00Z,IFE interface intermittent; recorded intermittently on sector 225.,Historical record reports component replacement after authorized troubleshooting. Planning summary only; no physical instructions.,REPLACEMENT,DEMO-PART-011,85,ENG-LHR-01,CLOSED,SYNTHETIC
HIST-0226,AC-001,DEMO-33-012,DXB,2026-06-29T06:05:00Z,Passenger reading light intermittent; recorded intermittently on sector 226.,Historical record reports a connection-related indication issue corrected under the then-applicable work package. This does not establish the cause of a new defect.,INDICATION_CORRECTED,,193,ENG-DXB-01,CLOSED,SYNTHETIC
HIST-0227,AC-001,DEMO-25-019,AMS,2026-06-25T05:05:00Z,Seat control panel unresponsive; recorded intermittently on sector 227.,Historical record reports a connection-related indication issue corrected under the then-applicable work package. This does not establish the cause of a new defect.,INDICATION_CORRECTED,,42,ENG-AMS-01,CLOSED,SYNTHETIC
HIST-0228,AC-006,DEMO-33-012,DXB,2026-06-07T00:05:00Z,Passenger reading light intermittent; recorded intermittently on sector 228.,Historical record reports component replacement after authorized troubleshooting. Planning summary only; no physical instructions.,REPLACEMENT,DEMO-PART-004,212,ENG-DXB-01,CLOSED,SYNTHETIC
HIST-0229,AC-005,DEMO-25-019,DXB,2026-05-26T00:05:00Z,Seat control panel unresponsive; recorded intermittently on sector 229.,Historical record reports a connection-related indication issue corrected under the then-applicable work package. This does not establish the cause of a new defect.,INDICATION_CORRECTED,,72,ENG-DXB-01,CLOSED,SYNTHETIC
HIST-0230,AC-003,DEMO-A350-21-047,BRU,2026-05-08T23:05:00Z,Intermittent cabin-zone temperature indication; recorded intermittently on sector 230.,Symptom not reproduced during recorded checks. Repeat history must remain visible; do not treat as proof that a new issue is harmless.,NO_FAULT_FOUND,,86,ENG-BRU-01,CLOSED,SYNTHETIC
HIST-0231,AC-002,DEMO-25-019,FRA,2026-04-27T04:05:00Z,Seat control panel unresponsive; recorded intermittently on sector 231.,Follow-up engineering review recorded; case closed only after separately authorized action.,MONITORING_REQUIRED,,91,ENG-FRA-01,CLOSED,SYNTHETIC
HIST-0232,AC-002,DEMO-25-019,DXB,2026-06-12T05:05:00Z,Seat control panel unresponsive; recorded intermittently on sector 232.,Follow-up engineering review recorded; case closed only after separately authorized action.,MONITORING_REQUIRED,,221,ENG-DXB-01,CLOSED,SYNTHETIC
HIST-0233,AC-004,DEMO-44-018,LHR,2026-06-23T03:05:00Z,Cabin display data intermittent; recorded intermittently on sector 233.,Follow-up engineering review recorded; case closed only after separately authorized action.,MONITORING_REQUIRED,,119,ENG-LHR-01,CLOSED,SYNTHETIC
HIST-0234,AC-004,DEMO-33-012,FCO,2026-07-12T06:05:00Z,Passenger reading light intermittent; recorded intermittently on sector 234.,Historical record reports a connection-related indication issue corrected under the then-applicable work package. This does not establish the cause of a new defect.,INDICATION_CORRECTED,,158,ENG-FCO-01,CLOSED,SYNTHETIC
HIST-0235,AC-006,DEMO-33-012,DXB,2026-05-11T02:05:00Z,Passenger reading light intermittent; recorded intermittently on sector 235.,Historical record reports a connection-related indication issue corrected under the then-applicable work package. This does not establish the cause of a new defect.,INDICATION_CORRECTED,,66,ENG-DXB-01,CLOSED,SYNTHETIC
HIST-0236,AC-002,DEMO-44-031,DOH,2026-04-30T05:05:00Z,IFE interface intermittent; recorded intermittently on sector 236.,Symptom not reproduced during recorded checks. Repeat history must remain visible; do not treat as proof that a new issue is harmless.,NO_FAULT_FOUND,,54,ENG-DOH-01,CLOSED,SYNTHETIC
HIST-0237,AC-003,DEMO-25-019,ZRH,2026-06-21T00:05:00Z,Seat control panel unresponsive; recorded intermittently on sector 237.,Historical record reports component replacement after authorized troubleshooting. Planning summary only; no physical instructions.,REPLACEMENT,DEMO-PART-005,195,ENG-ZRH-01,CLOSED,SYNTHETIC
HIST-0238,AC-002,DEMO-25-019,DOH,2026-05-06T01:05:00Z,Seat control panel unresponsive; recorded intermittently on sector 238.,Historical record reports component replacement after authorized troubleshooting. Planning summary only; no physical instructions.,REPLACEMENT,DEMO-PART-005,82,ENG-DOH-01,CLOSED,SYNTHETIC
HIST-0239,AC-005,DEMO-33-012,DXB,2026-07-05T00:05:00Z,Passenger reading light intermittent; recorded intermittently on sector 239.,Follow-up engineering review recorded; case closed only after separately authorized action.,MONITORING_REQUIRED,,171,ENG-DXB-01,CLOSED,SYNTHETIC
HIST-0240,AC-004,DEMO-44-031,ZRH,2026-05-09T04:05:00Z,IFE interface intermittent; recorded intermittently on sector 240.,Historical record reports component replacement after authorized troubleshooting. Planning summary only; no physical instructions.,REPLACEMENT,DEMO-PART-011,74,ENG-ZRH-01,CLOSED,SYNTHETIC
HIST-0241,AC-002,DEMO-44-018,ZRH,2026-04-22T03:05:00Z,Cabin display data intermittent; recorded intermittently on sector 241.,Historical record reports component replacement after authorized troubleshooting. Planning summary only; no physical instructions.,REPLACEMENT,DEMO-PART-003,211,ENG-ZRH-01,CLOSED,SYNTHETIC
HIST-0242,AC-001,DEMO-25-019,FRA,2026-08-24T22:05:00Z,Seat control panel unresponsive; recorded intermittently on sector 242.,Historical record reports component replacement after authorized troubleshooting. Planning summary only; no physical instructions.,REPLACEMENT,DEMO-PART-005,80,ENG-FRA-01,CLOSED,SYNTHETIC
HIST-0243,AC-006,DEMO-44-018,DOH,2026-08-05T01:05:00Z,Cabin display data intermittent; recorded intermittently on sector 243.,Follow-up engineering review recorded; case closed only after separately authorized action.,MONITORING_REQUIRED,,175,ENG-DOH-01,CLOSED,SYNTHETIC
HIST-0244,AC-002,DEMO-A350-21-047,BRU,2026-05-30T03:05:00Z,Intermittent cabin-zone temperature indication; recorded intermittently on sector 244.,Symptom not reproduced during recorded checks. Repeat history must remain visible; do not treat as proof that a new issue is harmless.,NO_FAULT_FOUND,,188,ENG-BRU-01,CLOSED,SYNTHETIC
HIST-0245,AC-001,DEMO-33-012,FCO,2026-08-09T06:05:00Z,Passenger reading light intermittent; recorded intermittently on sector 245.,Follow-up engineering review recorded; case closed only after separately authorized action.,MONITORING_REQUIRED,,214,ENG-FCO-01,CLOSED,SYNTHETIC
HIST-0246,AC-005,DEMO-25-019,DXB,2026-08-14T06:05:00Z,Seat control panel unresponsive; recorded intermittently on sector 246.,Historical record reports component replacement after authorized troubleshooting. Planning summary only; no physical instructions.,REPLACEMENT,DEMO-PART-005,123,ENG-DXB-01,CLOSED,SYNTHETIC
HIST-0247,AC-005,DEMO-44-031,AMS,2026-07-20T04:05:00Z,IFE interface intermittent; recorded intermittently on sector 247.,Symptom not reproduced during recorded checks. Repeat history must remain visible; do not treat as proof that a new issue is harmless.,NO_FAULT_FOUND,,59,ENG-AMS-01,CLOSED,SYNTHETIC
HIST-0248,AC-006,DEMO-44-018,CDG,2026-05-15T01:05:00Z,Cabin display data intermittent; recorded intermittently on sector 248.,Historical record reports component replacement after authorized troubleshooting. Planning summary only; no physical instructions.,REPLACEMENT,DEMO-PART-003,64,ENG-CDG-01,CLOSED,SYNTHETIC
HIST-0249,AC-003,DEMO-44-018,LHR,2026-04-05T04:05:00Z,Cabin display data intermittent; recorded intermittently on sector 249.,Historical record reports a connection-related indication issue corrected under the then-applicable work package. This does not establish the cause of a new defect.,INDICATION_CORRECTED,,83,ENG-LHR-01,CLOSED,SYNTHETIC
HIST-0250,AC-002,DEMO-44-031,CDG,2026-04-24T04:05:00Z,IFE interface intermittent; recorded intermittently on sector 250.,Symptom not reproduced during recorded checks. Repeat history must remain visible; do not treat as proof that a new issue is harmless.,NO_FAULT_FOUND,,173,ENG-CDG-01,CLOSED,SYNTHETIC
HIST-0251,AC-006,DEMO-33-012,CDG,2026-06-20T01:05:00Z,Passenger reading light intermittent; recorded intermittently on sector 251.,Historical record reports component replacement after authorized troubleshooting. Planning summary only; no physical instructions.,REPLACEMENT,DEMO-PART-004,144,ENG-CDG-01,CLOSED,SYNTHETIC
HIST-0252,AC-005,DEMO-25-019,DOH,2026-09-06T05:05:00Z,Seat control panel unresponsive; recorded intermittently on sector 252.,Symptom not reproduced during recorded checks. Repeat history must remain visible; do not treat as proof that a new issue is harmless.,NO_FAULT_FOUND,,196,ENG-DOH-01,CLOSED,SYNTHETIC
HIST-0253,AC-002,DEMO-A350-21-047,ZRH,2026-07-31T02:05:00Z,Intermittent cabin-zone temperature indication; recorded intermittently on sector 253.,Follow-up engineering review recorded; case closed only after separately authorized action.,MONITORING_REQUIRED,,41,ENG-ZRH-01,CLOSED,SYNTHETIC
HIST-0254,AC-002,DEMO-44-031,FRA,2026-05-29T03:05:00Z,IFE interface intermittent; recorded intermittently on sector 254.,Historical record reports a connection-related indication issue corrected under the then-applicable work package. This does not establish the cause of a new defect.,INDICATION_CORRECTED,,81,ENG-FRA-01,CLOSED,SYNTHETIC
HIST-0255,AC-005,DEMO-25-027,AMS,2026-04-23T04:05:00Z,Galley status display indication; recorded intermittently on sector 255.,Historical record reports component replacement after authorized troubleshooting. Planning summary only; no physical instructions.,REPLACEMENT,DEMO-PART-006,107,ENG-AMS-01,CLOSED,SYNTHETIC
HIST-0256,AC-005,DEMO-33-012,DXB,2026-04-06T04:05:00Z,Passenger reading light intermittent; recorded intermittently on sector 256.,Follow-up engineering review recorded; case closed only after separately authorized action.,MONITORING_REQUIRED,,197,ENG-DXB-01,CLOSED,SYNTHETIC
HIST-0257,AC-003,DEMO-25-027,VIE,2026-08-17T02:05:00Z,Galley status display indication; recorded intermittently on sector 257.,Follow-up engineering review recorded; case closed only after separately authorized action.,MONITORING_REQUIRED,,117,ENG-VIE-01,CLOSED,SYNTHETIC
HIST-0258,AC-002,DEMO-A350-21-047,MUC,2026-04-19T05:05:00Z,Intermittent cabin-zone temperature indication; recorded intermittently on sector 258.,Symptom not reproduced during recorded checks. Repeat history must remain visible; do not treat as proof that a new issue is harmless.,NO_FAULT_FOUND,,83,ENG-MUC-01,CLOSED,SYNTHETIC
HIST-0259,AC-002,DEMO-25-027,CDG,2026-04-14T06:05:00Z,Galley status display indication; recorded intermittently on sector 259.,Historical record reports component replacement after authorized troubleshooting. Planning summary only; no physical instructions.,REPLACEMENT,DEMO-PART-006,156,ENG-CDG-01,CLOSED,SYNTHETIC
HIST-0260,AC-002,DEMO-44-018,AUH,2026-07-08T04:05:00Z,Cabin display data intermittent; recorded intermittently on sector 260.,Follow-up engineering review recorded; case closed only after separately authorized action.,MONITORING_REQUIRED,,97,ENG-AUH-01,CLOSED,SYNTHETIC
HIST-0261,AC-004,DEMO-25-027,AMS,2026-05-05T01:05:00Z,Galley status display indication; recorded intermittently on sector 261.,Historical record reports component replacement after authorized troubleshooting. Planning summary only; no physical instructions.,REPLACEMENT,DEMO-PART-006,156,ENG-AMS-01,CLOSED,SYNTHETIC
HIST-0262,AC-001,DEMO-33-012,FCO,2026-05-15T22:05:00Z,Passenger reading light intermittent; recorded intermittently on sector 262.,Historical record reports a connection-related indication issue corrected under the then-applicable work package. This does not establish the cause of a new defect.,INDICATION_CORRECTED,,74,ENG-FCO-01,CLOSED,SYNTHETIC
HIST-0263,AC-005,DEMO-33-012,DOH,2026-06-08T01:05:00Z,Passenger reading light intermittent; recorded intermittently on sector 263.,Follow-up engineering review recorded; case closed only after separately authorized action.,MONITORING_REQUIRED,,113,ENG-DOH-01,CLOSED,SYNTHETIC
HIST-0264,AC-005,DEMO-A350-21-047,FRA,2026-08-06T05:05:00Z,Intermittent cabin-zone temperature indication; recorded intermittently on sector 264.,Historical record reports a connection-related indication issue corrected under the then-applicable work package. This does not establish the cause of a new defect.,INDICATION_CORRECTED,,141,ENG-FRA-01,CLOSED,SYNTHETIC
HIST-0265,AC-006,DEMO-25-027,VIE,2026-07-27T03:05:00Z,Galley status display indication; recorded intermittently on sector 265.,Follow-up engineering review recorded; case closed only after separately authorized action.,MONITORING_REQUIRED,,200,ENG-VIE-01,CLOSED,SYNTHETIC
HIST-0266,AC-004,DEMO-33-012,LHR,2026-04-28T00:05:00Z,Passenger reading light intermittent; recorded intermittently on sector 266.,Follow-up engineering review recorded; case closed only after separately authorized action.,MONITORING_REQUIRED,,44,ENG-LHR-01,CLOSED,SYNTHETIC
HIST-0267,AC-006,DEMO-25-019,LHR,2026-04-15T01:05:00Z,Seat control panel unresponsive; recorded intermittently on sector 267.,Symptom not reproduced during recorded checks. Repeat history must remain visible; do not treat as proof that a new issue is harmless.,NO_FAULT_FOUND,,196,ENG-LHR-01,CLOSED,SYNTHETIC
HIST-0268,AC-003,DEMO-A350-21-047,DXB,2026-08-20T00:05:00Z,Intermittent cabin-zone temperature indication; recorded intermittently on sector 268.,Symptom not reproduced during recorded checks. Repeat history must remain visible; do not treat as proof that a new issue is harmless.,NO_FAULT_FOUND,,164,ENG-DXB-01,CLOSED,SYNTHETIC
HIST-0269,AC-005,DEMO-44-018,MUC,2026-07-20T05:05:00Z,Cabin display data intermittent; recorded intermittently on sector 269.,Historical record reports component replacement after authorized troubleshooting. Planning summary only; no physical instructions.,REPLACEMENT,DEMO-PART-003,140,ENG-MUC-01,CLOSED,SYNTHETIC
HIST-0270,AC-006,DEMO-25-019,AUH,2026-04-13T05:05:00Z,Seat control panel unresponsive; recorded intermittently on sector 270.,Symptom not reproduced during recorded checks. Repeat history must remain visible; do not treat as proof that a new issue is harmless.,NO_FAULT_FOUND,,117,ENG-AUH-01,CLOSED,SYNTHETIC
HIST-0271,AC-006,DEMO-44-031,FCO,2026-06-08T00:05:00Z,IFE interface intermittent; recorded intermittently on sector 271.,Historical record reports component replacement after authorized troubleshooting. Planning summary only; no physical instructions.,REPLACEMENT,DEMO-PART-011,114,ENG-FCO-01,CLOSED,SYNTHETIC
HIST-0272,AC-005,DEMO-25-019,VIE,2026-07-06T05:05:00Z,Seat control panel unresponsive; recorded intermittently on sector 272.,Historical record reports component replacement after authorized troubleshooting. Planning summary only; no physical instructions.,REPLACEMENT,DEMO-PART-005,74,ENG-VIE-01,CLOSED,SYNTHETIC
HIST-0273,AC-005,DEMO-25-027,AUH,2026-05-22T23:05:00Z,Galley status display indication; recorded intermittently on sector 273.,Follow-up engineering review recorded; case closed only after separately authorized action.,MONITORING_REQUIRED,,87,ENG-AUH-01,CLOSED,SYNTHETIC
HIST-0274,AC-006,DEMO-25-027,FRA,2026-05-03T01:05:00Z,Galley status display indication; recorded intermittently on sector 274.,Symptom not reproduced during recorded checks. Repeat history must remain visible; do not treat as proof that a new issue is harmless.,NO_FAULT_FOUND,,219,ENG-FRA-01,CLOSED,SYNTHETIC
HIST-0275,AC-003,DEMO-44-018,VIE,2026-06-27T00:05:00Z,Cabin display data intermittent; recorded intermittently on sector 275.,Symptom not reproduced during recorded checks. Repeat history must remain visible; do not treat as proof that a new issue is harmless.,NO_FAULT_FOUND,,144,ENG-VIE-01,CLOSED,SYNTHETIC
HIST-0276,AC-005,DEMO-25-019,DXB,2026-08-01T06:05:00Z,Seat control panel unresponsive; recorded intermittently on sector 276.,Historical record reports a connection-related indication issue corrected under the then-applicable work package. This does not establish the cause of a new defect.,INDICATION_CORRECTED,,135,ENG-DXB-01,CLOSED,SYNTHETIC
HIST-0277,AC-001,DEMO-33-012,DXB,2026-08-18T23:05:00Z,Passenger reading light intermittent; recorded intermittently on sector 277.,Symptom not reproduced during recorded checks. Repeat history must remain visible; do not treat as proof that a new issue is harmless.,NO_FAULT_FOUND,,210,ENG-DXB-01,CLOSED,SYNTHETIC
HIST-0278,AC-003,DEMO-44-018,DOH,2026-03-27T01:05:00Z,Cabin display data intermittent; recorded intermittently on sector 278.,Follow-up engineering review recorded; case closed only after separately authorized action.,MONITORING_REQUIRED,,72,ENG-DOH-01,CLOSED,SYNTHETIC
HIST-0279,AC-006,DEMO-44-018,AUH,2026-09-01T06:05:00Z,Cabin display data intermittent; recorded intermittently on sector 279.,Symptom not reproduced during recorded checks. Repeat history must remain visible; do not treat as proof that a new issue is harmless.,NO_FAULT_FOUND,,103,ENG-AUH-01,CLOSED,SYNTHETIC
HIST-0280,AC-001,DEMO-25-027,AMS,2026-08-26T23:05:00Z,Galley status display indication; recorded intermittently on sector 280.,Historical record reports component replacement after authorized troubleshooting. Planning summary only; no physical instructions.,REPLACEMENT,DEMO-PART-006,149,ENG-AMS-01,CLOSED,SYNTHETIC
HIST-0281,AC-006,DEMO-25-027,FCO,2026-08-18T03:05:00Z,Galley status display indication; recorded intermittently on sector 281.,Historical record reports component replacement after authorized troubleshooting. Planning summary only; no physical instructions.,REPLACEMENT,DEMO-PART-006,147,ENG-FCO-01,CLOSED,SYNTHETIC
HIST-0282,AC-005,DEMO-44-018,AUH,2026-05-28T22:05:00Z,Cabin display data intermittent; recorded intermittently on sector 282.,Historical record reports a connection-related indication issue corrected under the then-applicable work package. This does not establish the cause of a new defect.,INDICATION_CORRECTED,,85,ENG-AUH-01,CLOSED,SYNTHETIC
HIST-0283,AC-004,DEMO-25-019,DOH,2026-08-25T05:05:00Z,Seat control panel unresponsive; recorded intermittently on sector 283.,Symptom not reproduced during recorded checks. Repeat history must remain visible; do not treat as proof that a new issue is harmless.,NO_FAULT_FOUND,,170,ENG-DOH-01,CLOSED,SYNTHETIC
HIST-0284,AC-004,DEMO-44-031,MUC,2026-05-11T02:05:00Z,IFE interface intermittent; recorded intermittently on sector 284.,Historical record reports a connection-related indication issue corrected under the then-applicable work package. This does not establish the cause of a new defect.,INDICATION_CORRECTED,,220,ENG-MUC-01,CLOSED,SYNTHETIC
HIST-0285,AC-004,DEMO-25-027,VIE,2026-06-02T05:05:00Z,Galley status display indication; recorded intermittently on sector 285.,Follow-up engineering review recorded; case closed only after separately authorized action.,MONITORING_REQUIRED,,66,ENG-VIE-01,CLOSED,SYNTHETIC
HIST-0286,AC-001,DEMO-A350-21-047,VIE,2026-03-30T02:05:00Z,Intermittent cabin-zone temperature indication; recorded intermittently on sector 286.,Historical record reports a connection-related indication issue corrected under the then-applicable work package. This does not establish the cause of a new defect.,INDICATION_CORRECTED,,225,ENG-VIE-01,CLOSED,SYNTHETIC
HIST-0287,AC-003,DEMO-44-031,FRA,2026-09-09T00:05:00Z,IFE interface intermittent; recorded intermittently on sector 287.,Historical record reports a connection-related indication issue corrected under the then-applicable work package. This does not establish the cause of a new defect.,INDICATION_CORRECTED,,33,ENG-FRA-01,CLOSED,SYNTHETIC
HIST-0288,AC-005,DEMO-44-018,ZRH,2026-07-26T23:05:00Z,Cabin display data intermittent; recorded intermittently on sector 288.,Historical record reports component replacement after authorized troubleshooting. Planning summary only; no physical instructions.,REPLACEMENT,DEMO-PART-003,166,ENG-ZRH-01,CLOSED,SYNTHETIC
HIST-0289,AC-005,DEMO-33-012,ZRH,2026-06-18T04:05:00Z,Passenger reading light intermittent; recorded intermittently on sector 289.,Historical record reports a connection-related indication issue corrected under the then-applicable work package. This does not establish the cause of a new defect.,INDICATION_CORRECTED,,25,ENG-ZRH-01,CLOSED,SYNTHETIC
HIST-0290,AC-001,DEMO-33-012,VIE,2026-06-25T04:05:00Z,Passenger reading light intermittent; recorded intermittently on sector 290.,Historical record reports component replacement after authorized troubleshooting. Planning summary only; no physical instructions.,REPLACEMENT,DEMO-PART-004,36,ENG-VIE-01,CLOSED,SYNTHETIC
HIST-0291,AC-006,DEMO-44-031,DXB,2026-07-19T01:05:00Z,IFE interface intermittent; recorded intermittently on sector 291.,Historical record reports component replacement after authorized troubleshooting. Planning summary only; no physical instructions.,REPLACEMENT,DEMO-PART-011,47,ENG-DXB-01,CLOSED,SYNTHETIC
HIST-0292,AC-002,DEMO-25-019,FCO,2026-05-08T05:05:00Z,Seat control panel unresponsive; recorded intermittently on sector 292.,Symptom not reproduced during recorded checks. Repeat history must remain visible; do not treat as proof that a new issue is harmless.,NO_FAULT_FOUND,,134,ENG-FCO-01,CLOSED,SYNTHETIC
HIST-0293,AC-006,DEMO-44-031,FRA,2026-09-11T00:05:00Z,IFE interface intermittent; recorded intermittently on sector 293.,Symptom not reproduced during recorded checks. Repeat history must remain visible; do not treat as proof that a new issue is harmless.,NO_FAULT_FOUND,,175,ENG-FRA-01,CLOSED,SYNTHETIC
HIST-0294,AC-001,DEMO-25-027,AUH,2026-07-18T01:05:00Z,Galley status display indication; recorded intermittently on sector 294.,Follow-up engineering review recorded; case closed only after separately authorized action.,MONITORING_REQUIRED,,189,ENG-AUH-01,CLOSED,SYNTHETIC
HIST-0295,AC-005,DEMO-44-018,VIE,2026-07-24T23:05:00Z,Cabin display data intermittent; recorded intermittently on sector 295.,Symptom not reproduced during recorded checks. Repeat history must remain visible; do not treat as proof that a new issue is harmless.,NO_FAULT_FOUND,,105,ENG-VIE-01,CLOSED,SYNTHETIC
HIST-0296,AC-005,DEMO-44-031,DXB,2026-08-05T02:05:00Z,IFE interface intermittent; recorded intermittently on sector 296.,Historical record reports component replacement after authorized troubleshooting. Planning summary only; no physical instructions.,REPLACEMENT,DEMO-PART-011,40,ENG-DXB-01,CLOSED,SYNTHETIC
HIST-0297,AC-005,DEMO-A350-21-047,CDG,2026-09-05T23:05:00Z,Intermittent cabin-zone temperature indication; recorded intermittently on sector 297.,Follow-up engineering review recorded; case closed only after separately authorized action.,MONITORING_REQUIRED,,35,ENG-CDG-01,CLOSED,SYNTHETIC
HIST-0298,AC-001,DEMO-25-027,LHR,2026-06-22T00:05:00Z,Galley status display indication; recorded intermittently on sector 298.,Historical record reports component replacement after authorized troubleshooting. Planning summary only; no physical instructions.,REPLACEMENT,DEMO-PART-006,222,ENG-LHR-01,CLOSED,SYNTHETIC
HIST-0299,AC-001,DEMO-25-019,AUH,2026-06-27T02:05:00Z,Seat control panel unresponsive; recorded intermittently on sector 299.,Follow-up engineering review recorded; case closed only after separately authorized action.,MONITORING_REQUIRED,,117,ENG-AUH-01,CLOSED,SYNTHETIC
HIST-0300,AC-004,DEMO-25-019,AMS,2026-04-04T02:05:00Z,Seat control panel unresponsive; recorded intermittently on sector 300.,Symptom not reproduced during recorded checks. Repeat history must remain visible; do not treat as proof that a new issue is harmless.,NO_FAULT_FOUND,,50,ENG-AMS-01,CLOSED,SYNTHETIC
