engineer_id,name,provider_id,home_station,employment_status,data_class
ENG-DXB-01,Demo Engineer DXB 01,PROV-DXB-MRO,DXB,ACTIVE,SYNTHETIC
ENG-DXB-02,Demo Engineer DXB 02,PROV-DXB-MRO,DXB,ACTIVE,SYNTHETIC
ENG-DXB-03,Demo Engineer DXB 03,PROV-DXB-MRO,DXB,ACTIVE,SYNTHETIC
ENG-DXB-04,Demo Engineer DXB 04,PROV-DXB-MRO,DXB,ACTIVE,SYNTHETIC
ENG-FRA-01,Demo Engineer FRA 01,PROV-FRA-MRO,FRA,ACTIVE,SYNTHETIC
ENG-FRA-02,Demo Engineer FRA 02,PROV-FRA-MRO,FRA,ACTIVE,SYNTHETIC
ENG-FRA-03,Demo Engineer FRA 03,PROV-FRA-MRO,FRA,ACTIVE,SYNTHETIC
ENG-FRA-04,Demo Engineer FRA 04,PROV-FRA-MRO,FRA,ACTIVE,SYNTHETIC
ENG-AMS-01,Demo Engineer AMS 01,PROV-AMS-MRO,AMS,ACTIVE,SYNTHETIC
ENG-AMS-02,Demo Engineer AMS 02,PROV-AMS-MRO,AMS,ACTIVE,SYNTHETIC
ENG-AMS-03,Demo Engineer AMS 03,PROV-AMS-MRO,AMS,ACTIVE,SYNTHETIC
ENG-AMS-04,Demo Engineer AMS 04,PROV-AMS-MRO,AMS,ACTIVE,SYNTHETIC
ENG-CDG-01,Demo Engineer CDG 01,PROV-CDG-MRO,CDG,ACTIVE,SYNTHETIC
ENG-CDG-02,Demo Engineer CDG 02,PROV-CDG-MRO,CDG,ACTIVE,SYNTHETIC
ENG-CDG-03,Demo Engineer CDG 03,PROV-CDG-MRO,CDG,ACTIVE,SYNTHETIC
ENG-CDG-04,Demo Engineer CDG 04,PROV-CDG-MRO,CDG,ACTIVE,SYNTHETIC
ENG-MUC-01,Demo Engineer MUC 01,PROV-MUC-MRO,MUC,ACTIVE,SYNTHETIC
ENG-MUC-02,Demo Engineer MUC 02,PROV-MUC-MRO,MUC,ACTIVE,SYNTHETIC
ENG-MUC-03,Demo Engineer MUC 03,PROV-MUC-MRO,MUC,ACTIVE,SYNTHETIC
ENG-MUC-04,Demo Engineer MUC 04,PROV-MUC-MRO,MUC,ACTIVE,SYNTHETIC
ENG-VIE-01,Demo Engineer VIE 01,PROV-VIE-MRO,VIE,ACTIVE,SYNTHETIC
ENG-VIE-02,Demo Engineer VIE 02,PROV-VIE-MRO,VIE,ACTIVE,SYNTHETIC
ENG-VIE-03,Demo Engineer VIE 03,PROV-VIE-MRO,VIE,ACTIVE,SYNTHETIC
ENG-VIE-04,Demo Engineer VIE 04,PROV-VIE-MRO,VIE,ACTIVE,SYNTHETIC
ENG-LHR-01,Demo Engineer LHR 01,PROV-LHR-MRO,LHR,ACTIVE,SYNTHETIC
ENG-LHR-02,Demo Engineer LHR 02,PROV-LHR-MRO,LHR,ACTIVE,SYNTHETIC
ENG-LHR-03,Demo Engineer LHR 03,PROV-LHR-MRO,LHR,ACTIVE,SYNTHETIC
ENG-LHR-04,Demo Engineer LHR 04,PROV-LHR-MRO,LHR,ACTIVE,SYNTHETIC
ENG-FCO-01,Demo Engineer FCO 01,PROV-FCO-MRO,FCO,ACTIVE,SYNTHETIC
ENG-FCO-02,Demo Engineer FCO 02,PROV-FCO-MRO,FCO,ACTIVE,SYNTHETIC
ENG-FCO-03,Demo Engineer FCO 03,PROV-FCO-MRO,FCO,ACTIVE,SYNTHETIC
ENG-FCO-04,Demo Engineer FCO 04,PROV-FCO-MRO,FCO,ACTIVE,SYNTHETIC
ENG-DOH-01,Demo Engineer DOH 01,PROV-DOH-MRO,DOH,ACTIVE,SYNTHETIC
ENG-DOH-02,Demo Engineer DOH 02,PROV-DOH-MRO,DOH,ACTIVE,SYNTHETIC
ENG-DOH-03,Demo Engineer DOH 03,PROV-DOH-MRO,DOH,ACTIVE,SYNTHETIC
ENG-DOH-04,Demo Engineer DOH 04,PROV-DOH-MRO,DOH,ACTIVE,SYNTHETIC
ENG-AUH-01,Demo Engineer AUH 01,PROV-AUH-MRO,AUH,ACTIVE,SYNTHETIC
ENG-AUH-02,Demo Engineer AUH 02,PROV-AUH-MRO,AUH,ACTIVE,SYNTHETIC
ENG-AUH-03,Demo Engineer AUH 03,PROV-AUH-MRO,AUH,ACTIVE,SYNTHETIC
ENG-AUH-04,Demo Engineer AUH 04,PROV-AUH-MRO,AUH,ACTIVE,SYNTHETIC
ENG-ZRH-01,Demo Engineer ZRH 01,PROV-ZRH-MRO,ZRH,ACTIVE,SYNTHETIC
ENG-ZRH-02,Demo Engineer ZRH 02,PROV-ZRH-MRO,ZRH,ACTIVE,SYNTHETIC
ENG-ZRH-03,Demo Engineer ZRH 03,PROV-ZRH-MRO,ZRH,ACTIVE,SYNTHETIC
ENG-ZRH-04,Demo Engineer ZRH 04,PROV-ZRH-MRO,ZRH,ACTIVE,SYNTHETIC
ENG-BRU-01,Demo Engineer BRU 01,PROV-BRU-MRO,BRU,ACTIVE,SYNTHETIC
ENG-BRU-02,Demo Engineer BRU 02,PROV-BRU-MRO,BRU,ACTIVE,SYNTHETIC
ENG-BRU-03,Demo Engineer BRU 03,PROV-BRU-MRO,BRU,ACTIVE,SYNTHETIC
ENG-BRU-04,Demo Engineer BRU 04,PROV-BRU-MRO,BRU,ACTIVE,SYNTHETIC
