work_order_id,defect_id,task_reference,station,started_at,completed_at,status,summary,data_class
WO-0001,HIST-0001,SIM-HIST-TASK-DEMO-A350-21-047,MUC,2026-04-24T05:05:00Z,2026-04-24T08:09:00Z,CLOSED,Follow-up engineering review recorded; case closed only after separately authorized action.,SYNTHETIC
WO-0002,HIST-0002,SIM-HIST-TASK-DEMO-25-019,DOH,2026-04-16T04:05:00Z,2026-04-16T04:46:00Z,CLOSED,Follow-up engineering review recorded; case closed only after separately authorized action.,SYNTHETIC
WO-0003,HIST-0003,SIM-HIST-TASK-DEMO-25-019,LHR,2026-06-16T06:05:00Z,2026-06-16T09:21:00Z,CLOSED,Historical record reports component replacement after authorized troubleshooting. Planning summary only; no physical instructions.,SYNTHETIC
WO-0004,HIST-0004,SIM-HIST-TASK-DEMO-44-018,VIE,2026-03-20T02:05:00Z,2026-03-20T04:47:00Z,CLOSED,Symptom not reproduced during recorded checks. Repeat history must remain visible; do not treat as proof that a new issue is harmless.,SYNTHETIC
WO-0005,HIST-0005,SIM-HIST-TASK-DEMO-A350-21-047,DOH,2026-04-02T01:05:00Z,2026-04-02T02:15:00Z,CLOSED,Historical record reports component replacement after authorized troubleshooting. Planning summary only; no physical instructions.,SYNTHETIC
WO-0006,HIST-0006,SIM-HIST-TASK-DEMO-25-019,FRA,2026-08-19T22:05:00Z,2026-08-20T00:18:00Z,CLOSED,Historical record reports component replacement after authorized troubleshooting. Planning summary only; no physical instructions.,SYNTHETIC
WO-0007,HIST-0007,SIM-HIST-TASK-DEMO-44-018,AUH,2026-08-20T03:05:00Z,2026-08-20T03:41:00Z,CLOSED,Follow-up engineering review recorded; case closed only after separately authorized action.,SYNTHETIC
WO-0008,HIST-0008,SIM-HIST-TASK-DEMO-33-012,AMS,2026-03-25T06:05:00Z,2026-03-25T08:34:00Z,CLOSED,Historical record reports component replacement after authorized troubleshooting. Planning summary only; no physical instructions.,SYNTHETIC
WO-0009,HIST-0009,SIM-HIST-TASK-DEMO-25-019,CDG,2026-08-08T22:05:00Z,2026-08-09T00:49:00Z,CLOSED,Historical record reports component replacement after authorized troubleshooting. Planning summary only; no physical instructions.,SYNTHETIC
WO-0010,HIST-0010,SIM-HIST-TASK-DEMO-33-012,AMS,2026-06-13T00:05:00Z,2026-06-13T01:40:00Z,CLOSED,Historical record reports component replacement after authorized troubleshooting. Planning summary only; no physical instructions.,SYNTHETIC
WO-0011,HIST-0011,SIM-HIST-TASK-DEMO-25-027,DXB,2026-07-05T03:05:00Z,2026-07-05T06:03:00Z,CLOSED,Historical record reports component replacement after authorized troubleshooting. Planning summary only; no physical instructions.,SYNTHETIC
WO-0012,HIST-0012,SIM-HIST-TASK-DEMO-44-018,FCO,2026-07-21T05:05:00Z,2026-07-21T05:41:00Z,CLOSED,Historical record reports a connection-related indication issue corrected under the then-applicable work package. This does not establish the cause of a new defect.,SYNTHETIC
WO-0013,HIST-0013,SIM-HIST-TASK-DEMO-25-019,DXB,2026-05-04T00:05:00Z,2026-05-04T02:59:00Z,CLOSED,Symptom not reproduced during recorded checks. Repeat history must remain visible; do not treat as proof that a new issue is harmless.,SYNTHETIC
WO-0014,HIST-0014,SIM-HIST-TASK-DEMO-44-031,VIE,2026-06-19T01:05:00Z,2026-06-19T03:31:00Z,CLOSED,Historical record reports component replacement after authorized troubleshooting. Planning summary only; no physical instructions.,SYNTHETIC
WO-0015,HIST-0015,SIM-HIST-TASK-DEMO-44-018,BRU,2026-05-05T00:05:00Z,2026-05-05T03:20:00Z,CLOSED,Follow-up engineering review recorded; case closed only after separately authorized action.,SYNTHETIC
WO-0016,HIST-0016,SIM-HIST-TASK-DEMO-25-019,AMS,2026-05-05T22:05:00Z,2026-05-06T01:30:00Z,CLOSED,Symptom not reproduced during recorded checks. Repeat history must remain visible; do not treat as proof that a new issue is harmless.,SYNTHETIC
WO-0017,HIST-0017,SIM-HIST-TASK-DEMO-25-027,CDG,2026-08-13T22:05:00Z,2026-08-14T00:19:00Z,CLOSED,Symptom not reproduced during recorded checks. Repeat history must remain visible; do not treat as proof that a new issue is harmless.,SYNTHETIC
WO-0018,HIST-0018,SIM-HIST-TASK-DEMO-25-027,CDG,2026-04-12T23:05:00Z,2026-04-13T01:54:00Z,CLOSED,Follow-up engineering review recorded; case closed only after separately authorized action.,SYNTHETIC
WO-0019,HIST-0019,SIM-HIST-TASK-DEMO-33-012,FCO,2026-03-29T22:05:00Z,2026-03-29T23:14:00Z,CLOSED,Symptom not reproduced during recorded checks. Repeat history must remain visible; do not treat as proof that a new issue is harmless.,SYNTHETIC
WO-0020,HIST-0020,SIM-HIST-TASK-DEMO-44-018,CDG,2026-06-20T23:05:00Z,2026-06-21T02:05:00Z,CLOSED,Symptom not reproduced during recorded checks. Repeat history must remain visible; do not treat as proof that a new issue is harmless.,SYNTHETIC
WO-0021,HIST-0021,SIM-HIST-TASK-DEMO-25-019,AMS,2026-06-01T06:05:00Z,2026-06-01T08:55:00Z,CLOSED,Symptom not reproduced during recorded checks. Repeat history must remain visible; do not treat as proof that a new issue is harmless.,SYNTHETIC
WO-0022,HIST-0022,SIM-HIST-TASK-DEMO-44-031,AUH,2026-07-26T05:05:00Z,2026-07-26T07:00:00Z,CLOSED,Symptom not reproduced during recorded checks. Repeat history must remain visible; do not treat as proof that a new issue is harmless.,SYNTHETIC
WO-0023,HIST-0023,SIM-HIST-TASK-DEMO-33-012,AMS,2026-09-05T02:05:00Z,2026-09-05T03:34:00Z,CLOSED,Follow-up engineering review recorded; case closed only after separately authorized action.,SYNTHETIC
WO-0024,HIST-0024,SIM-HIST-TASK-DEMO-44-031,MUC,2026-04-07T02:05:00Z,2026-04-07T05:08:00Z,CLOSED,Follow-up engineering review recorded; case closed only after separately authorized action.,SYNTHETIC
WO-0025,HIST-0025,SIM-HIST-TASK-DEMO-44-031,VIE,2026-04-17T02:05:00Z,2026-04-17T04:39:00Z,CLOSED,Symptom not reproduced during recorded checks. Repeat history must remain visible; do not treat as proof that a new issue is harmless.,SYNTHETIC
WO-0026,HIST-0026,SIM-HIST-TASK-DEMO-25-019,ZRH,2026-07-27T00:05:00Z,2026-07-27T00:40:00Z,CLOSED,Follow-up engineering review recorded; case closed only after separately authorized action.,SYNTHETIC
WO-0027,HIST-0027,SIM-HIST-TASK-DEMO-A350-21-047,DOH,2026-04-17T04:05:00Z,2026-04-17T07:30:00Z,CLOSED,Historical record reports a connection-related indication issue corrected under the then-applicable work package. This does not establish the cause of a new defect.,SYNTHETIC
WO-0028,HIST-0028,SIM-HIST-TASK-DEMO-44-018,FCO,2026-06-22T05:05:00Z,2026-06-22T06:48:00Z,CLOSED,Historical record reports component replacement after authorized troubleshooting. Planning summary only; no physical instructions.,SYNTHETIC
WO-0029,HIST-0029,SIM-HIST-TASK-DEMO-44-018,ZRH,2026-07-17T05:05:00Z,2026-07-17T07:55:00Z,CLOSED,Follow-up engineering review recorded; case closed only after separately authorized action.,SYNTHETIC
WO-0030,HIST-0030,SIM-HIST-TASK-DEMO-33-012,DOH,2026-05-03T00:05:00Z,2026-05-03T01:46:00Z,CLOSED,Follow-up engineering review recorded; case closed only after separately authorized action.,SYNTHETIC
WO-0031,HIST-0031,SIM-HIST-TASK-DEMO-25-027,LHR,2026-06-11T06:05:00Z,2026-06-11T06:41:00Z,CLOSED,Historical record reports component replacement after authorized troubleshooting. Planning summary only; no physical instructions.,SYNTHETIC
WO-0032,HIST-0032,SIM-HIST-TASK-DEMO-25-019,CDG,2026-05-12T04:05:00Z,2026-05-12T04:53:00Z,CLOSED,Follow-up engineering review recorded; case closed only after separately authorized action.,SYNTHETIC
WO-0033,HIST-0033,SIM-HIST-TASK-DEMO-44-018,FCO,2026-08-25T02:05:00Z,2026-08-25T05:15:00Z,CLOSED,Follow-up engineering review recorded; case closed only after separately authorized action.,SYNTHETIC
WO-0034,HIST-0034,SIM-HIST-TASK-DEMO-33-012,AUH,2026-05-06T03:05:00Z,2026-05-06T04:41:00Z,CLOSED,Historical record reports a connection-related indication issue corrected under the then-applicable work package. This does not establish the cause of a new defect.,SYNTHETIC
WO-0035,HIST-0035,SIM-HIST-TASK-DEMO-44-031,VIE,2026-06-14T23:05:00Z,2026-06-15T02:33:00Z,CLOSED,Historical record reports component replacement after authorized troubleshooting. Planning summary only; no physical instructions.,SYNTHETIC
WO-0036,HIST-0036,SIM-HIST-TASK-DEMO-44-018,FCO,2026-04-29T04:05:00Z,2026-04-29T05:49:00Z,CLOSED,Historical record reports a connection-related indication issue corrected under the then-applicable work package. This does not establish the cause of a new defect.,SYNTHETIC
WO-0037,HIST-0037,SIM-HIST-TASK-DEMO-44-018,MUC,2026-03-30T06:05:00Z,2026-03-30T07:45:00Z,CLOSED,Historical record reports a connection-related indication issue corrected under the then-applicable work package. This does not establish the cause of a new defect.,SYNTHETIC
WO-0038,HIST-0038,SIM-HIST-TASK-DEMO-33-012,AUH,2026-09-06T06:05:00Z,2026-09-06T07:37:00Z,CLOSED,Symptom not reproduced during recorded checks. Repeat history must remain visible; do not treat as proof that a new issue is harmless.,SYNTHETIC
WO-0039,HIST-0039,SIM-HIST-TASK-DEMO-25-027,ZRH,2026-08-19T03:05:00Z,2026-08-19T06:12:00Z,CLOSED,Historical record reports component replacement after authorized troubleshooting. Planning summary only; no physical instructions.,SYNTHETIC
WO-0040,HIST-0040,SIM-HIST-TASK-DEMO-44-031,FRA,2026-07-17T02:05:00Z,2026-07-17T05:04:00Z,CLOSED,Historical record reports component replacement after authorized troubleshooting. Planning summary only; no physical instructions.,SYNTHETIC
WO-0041,HIST-0041,SIM-HIST-TASK-DEMO-25-019,BRU,2026-06-19T22:05:00Z,2026-06-20T01:21:00Z,CLOSED,Follow-up engineering review recorded; case closed only after separately authorized action.,SYNTHETIC
WO-0042,HIST-0042,SIM-HIST-TASK-DEMO-A350-21-047,FRA,2026-08-03T06:05:00Z,2026-08-03T06:53:00Z,CLOSED,Record reports an indication connection issue corrected; no component consumed. Historical finding only. New inspection required; root cause not inferred.,SYNTHETIC
WO-0043,HIST-0043,SIM-HIST-TASK-DEMO-A350-21-047,VIE,2026-09-04T22:05:00Z,2026-09-04T23:43:00Z,CLOSED,Follow-up engineering review recorded; case closed only after separately authorized action.,SYNTHETIC
WO-0044,HIST-0044,SIM-HIST-TASK-DEMO-25-027,CDG,2026-04-20T06:05:00Z,2026-04-20T08:09:00Z,CLOSED,Historical record reports a connection-related indication issue corrected under the then-applicable work package. This does not establish the cause of a new defect.,SYNTHETIC
WO-0045,HIST-0045,SIM-HIST-TASK-DEMO-25-027,FRA,2026-05-01T04:05:00Z,2026-05-01T07:26:00Z,CLOSED,Historical record reports a connection-related indication issue corrected under the then-applicable work package. This does not establish the cause of a new defect.,SYNTHETIC
WO-0046,HIST-0046,SIM-HIST-TASK-DEMO-A350-21-047,LHR,2026-04-04T02:05:00Z,2026-04-04T02:46:00Z,CLOSED,Follow-up engineering review recorded; case closed only after separately authorized action.,SYNTHETIC
WO-0047,HIST-0047,SIM-HIST-TASK-DEMO-A350-21-047,CDG,2026-08-01T01:05:00Z,2026-08-01T01:37:00Z,CLOSED,Historical record reports component replacement after authorized troubleshooting. Planning summary only; no physical instructions.,SYNTHETIC
WO-0048,HIST-0048,SIM-HIST-TASK-DEMO-A350-21-047,AMS,2026-04-19T06:05:00Z,2026-04-19T08:20:00Z,CLOSED,Historical record reports component replacement after authorized troubleshooting. Planning summary only; no physical instructions.,SYNTHETIC
WO-0049,HIST-0049,SIM-HIST-TASK-DEMO-A350-21-047,AUH,2026-08-29T05:05:00Z,2026-08-29T06:16:00Z,CLOSED,Historical record reports component replacement after authorized troubleshooting. Planning summary only; no physical instructions.,SYNTHETIC
WO-0050,HIST-0050,SIM-HIST-TASK-DEMO-33-012,MUC,2026-03-26T02:05:00Z,2026-03-26T04:36:00Z,CLOSED,Historical record reports a connection-related indication issue corrected under the then-applicable work package. This does not establish the cause of a new defect.,SYNTHETIC
WO-0051,HIST-0051,SIM-HIST-TASK-DEMO-25-019,CDG,2026-05-31T23:05:00Z,2026-06-01T01:07:00Z,CLOSED,Historical record reports component replacement after authorized troubleshooting. Planning summary only; no physical instructions.,SYNTHETIC
WO-0052,HIST-0052,SIM-HIST-TASK-DEMO-25-027,CDG,2026-07-29T01:05:00Z,2026-07-29T02:41:00Z,CLOSED,Historical record reports a connection-related indication issue corrected under the then-applicable work package. This does not establish the cause of a new defect.,SYNTHETIC
WO-0053,HIST-0053,SIM-HIST-TASK-DEMO-44-031,AUH,2026-07-22T03:05:00Z,2026-07-22T03:31:00Z,CLOSED,Symptom not reproduced during recorded checks. Repeat history must remain visible; do not treat as proof that a new issue is harmless.,SYNTHETIC
WO-0054,HIST-0054,SIM-HIST-TASK-DEMO-25-019,MUC,2026-04-11T06:05:00Z,2026-04-11T07:58:00Z,CLOSED,Historical record reports component replacement after authorized troubleshooting. Planning summary only; no physical instructions.,SYNTHETIC
WO-0055,HIST-0055,SIM-HIST-TASK-DEMO-A350-21-047,VIE,2026-04-23T05:05:00Z,2026-04-23T06:13:00Z,CLOSED,Symptom not reproduced during recorded checks. Repeat history must remain visible; do not treat as proof that a new issue is harmless.,SYNTHETIC
WO-0056,HIST-0056,SIM-HIST-TASK-DEMO-A350-21-047,DXB,2026-04-20T02:05:00Z,2026-04-20T04:51:00Z,CLOSED,Historical record reports component replacement after authorized troubleshooting. Planning summary only; no physical instructions.,SYNTHETIC
WO-0057,HIST-0057,SIM-HIST-TASK-DEMO-44-031,DOH,2026-08-06T06:05:00Z,2026-08-06T09:24:00Z,CLOSED,Follow-up engineering review recorded; case closed only after separately authorized action.,SYNTHETIC
WO-0058,HIST-0058,SIM-HIST-TASK-DEMO-33-012,DOH,2026-06-04T04:05:00Z,2026-06-04T07:27:00Z,CLOSED,Follow-up engineering review recorded; case closed only after separately authorized action.,SYNTHETIC
WO-0059,HIST-0059,SIM-HIST-TASK-DEMO-25-019,MUC,2026-06-22T02:05:00Z,2026-06-22T04:49:00Z,CLOSED,Symptom not reproduced during recorded checks. Repeat history must remain visible; do not treat as proof that a new issue is harmless.,SYNTHETIC
WO-0060,HIST-0060,SIM-HIST-TASK-DEMO-A350-21-047,DXB,2026-07-20T01:05:00Z,2026-07-20T04:34:00Z,CLOSED,Historical record reports component replacement after authorized troubleshooting. Planning summary only; no physical instructions.,SYNTHETIC
WO-0061,HIST-0061,SIM-HIST-TASK-DEMO-33-012,DXB,2026-09-07T03:05:00Z,2026-09-07T05:22:00Z,CLOSED,Historical record reports component replacement after authorized troubleshooting. Planning summary only; no physical instructions.,SYNTHETIC
WO-0062,HIST-0062,SIM-HIST-TASK-DEMO-44-018,BRU,2026-05-13T06:05:00Z,2026-05-13T06:40:00Z,CLOSED,Historical record reports a connection-related indication issue corrected under the then-applicable work package. This does not establish the cause of a new defect.,SYNTHETIC
WO-0063,HIST-0063,SIM-HIST-TASK-DEMO-44-031,DOH,2026-08-15T22:05:00Z,2026-08-16T00:06:00Z,CLOSED,Historical record reports component replacement after authorized troubleshooting. Planning summary only; no physical instructions.,SYNTHETIC
WO-0064,HIST-0064,SIM-HIST-TASK-DEMO-25-019,AUH,2026-08-03T06:05:00Z,2026-08-03T08:51:00Z,CLOSED,Historical record reports component replacement after authorized troubleshooting. Planning summary only; no physical instructions.,SYNTHETIC
WO-0065,HIST-0065,SIM-HIST-TASK-DEMO-44-018,MUC,2026-08-14T03:05:00Z,2026-08-14T06:40:00Z,CLOSED,Symptom not reproduced during recorded checks. Repeat history must remain visible; do not treat as proof that a new issue is harmless.,SYNTHETIC
WO-0066,HIST-0066,SIM-HIST-TASK-DEMO-25-019,BRU,2026-04-09T23:05:00Z,2026-04-10T01:12:00Z,CLOSED,Historical record reports a connection-related indication issue corrected under the then-applicable work package. This does not establish the cause of a new defect.,SYNTHETIC
WO-0067,HIST-0067,SIM-HIST-TASK-DEMO-44-018,DXB,2026-04-10T05:05:00Z,2026-04-10T05:49:00Z,CLOSED,Historical record reports a connection-related indication issue corrected under the then-applicable work package. This does not establish the cause of a new defect.,SYNTHETIC
WO-0068,HIST-0068,SIM-HIST-TASK-DEMO-33-012,DOH,2026-07-27T22:05:00Z,2026-07-28T01:17:00Z,CLOSED,Follow-up engineering review recorded; case closed only after separately authorized action.,SYNTHETIC
WO-0069,HIST-0069,SIM-HIST-TASK-DEMO-33-012,CDG,2026-06-24T04:05:00Z,2026-06-24T06:50:00Z,CLOSED,Historical record reports component replacement after authorized troubleshooting. Planning summary only; no physical instructions.,SYNTHETIC
WO-0070,HIST-0070,SIM-HIST-TASK-DEMO-33-012,AMS,2026-06-18T23:05:00Z,2026-06-19T00:53:00Z,CLOSED,Historical record reports component replacement after authorized troubleshooting. Planning summary only; no physical instructions.,SYNTHETIC
WO-0071,HIST-0071,SIM-HIST-TASK-DEMO-25-027,BRU,2026-07-25T03:05:00Z,2026-07-25T03:36:00Z,CLOSED,Historical record reports a connection-related indication issue corrected under the then-applicable work package. This does not establish the cause of a new defect.,SYNTHETIC
WO-0072,HIST-0072,SIM-HIST-TASK-DEMO-44-018,ZRH,2026-07-22T05:05:00Z,2026-07-22T07:21:00Z,CLOSED,Historical record reports component replacement after authorized troubleshooting. Planning summary only; no physical instructions.,SYNTHETIC
WO-0073,HIST-0073,SIM-HIST-TASK-DEMO-A350-21-047,ZRH,2026-06-18T00:05:00Z,2026-06-18T02:59:00Z,CLOSED,Follow-up engineering review recorded; case closed only after separately authorized action.,SYNTHETIC
WO-0074,HIST-0074,SIM-HIST-TASK-DEMO-44-018,DXB,2026-06-24T04:05:00Z,2026-06-24T05:27:00Z,CLOSED,Follow-up engineering review recorded; case closed only after separately authorized action.,SYNTHETIC
WO-0075,HIST-0075,SIM-HIST-TASK-DEMO-44-031,AMS,2026-05-12T05:05:00Z,2026-05-12T06:15:00Z,CLOSED,Historical record reports a connection-related indication issue corrected under the then-applicable work package. This does not establish the cause of a new defect.,SYNTHETIC
WO-0076,HIST-0076,SIM-HIST-TASK-DEMO-44-018,AMS,2026-05-09T23:05:00Z,2026-05-10T01:06:00Z,CLOSED,Symptom not reproduced during recorded checks. Repeat history must remain visible; do not treat as proof that a new issue is harmless.,SYNTHETIC
WO-0077,HIST-0077,SIM-HIST-TASK-DEMO-44-018,CDG,2026-04-05T05:05:00Z,2026-04-05T05:46:00Z,CLOSED,Follow-up engineering review recorded; case closed only after separately authorized action.,SYNTHETIC
WO-0078,HIST-0078,SIM-HIST-TASK-DEMO-25-019,VIE,2026-03-23T22:05:00Z,2026-03-23T23:47:00Z,CLOSED,Historical record reports a connection-related indication issue corrected under the then-applicable work package. This does not establish the cause of a new defect.,SYNTHETIC
WO-0079,HIST-0079,SIM-HIST-TASK-DEMO-44-031,AMS,2026-04-20T23:05:00Z,2026-04-21T00:52:00Z,CLOSED,Historical record reports component replacement after authorized troubleshooting. Planning summary only; no physical instructions.,SYNTHETIC
WO-0080,HIST-0080,SIM-HIST-TASK-DEMO-44-031,LHR,2026-06-09T04:05:00Z,2026-06-09T05:28:00Z,CLOSED,Follow-up engineering review recorded; case closed only after separately authorized action.,SYNTHETIC
WO-0081,HIST-0081,SIM-HIST-TASK-DEMO-25-019,AUH,2026-06-17T00:05:00Z,2026-06-17T02:58:00Z,CLOSED,Historical record reports a connection-related indication issue corrected under the then-applicable work package. This does not establish the cause of a new defect.,SYNTHETIC
WO-0082,HIST-0082,SIM-HIST-TASK-DEMO-25-019,FRA,2026-08-29T04:05:00Z,2026-08-29T06:58:00Z,CLOSED,Follow-up engineering review recorded; case closed only after separately authorized action.,SYNTHETIC
WO-0083,HIST-0083,SIM-HIST-TASK-DEMO-44-018,AMS,2026-04-23T01:05:00Z,2026-04-23T04:27:00Z,CLOSED,Historical record reports component replacement after authorized troubleshooting. Planning summary only; no physical instructions.,SYNTHETIC
WO-0084,HIST-0084,SIM-HIST-TASK-DEMO-25-027,BRU,2026-07-09T05:05:00Z,2026-07-09T06:21:00Z,CLOSED,Follow-up engineering review recorded; case closed only after separately authorized action.,SYNTHETIC
WO-0085,HIST-0085,SIM-HIST-TASK-DEMO-33-012,FCO,2026-07-15T04:05:00Z,2026-07-15T05:47:00Z,CLOSED,Follow-up engineering review recorded; case closed only after separately authorized action.,SYNTHETIC
WO-0086,HIST-0086,SIM-HIST-TASK-DEMO-A350-21-047,DOH,2026-04-25T05:05:00Z,2026-04-25T06:28:00Z,CLOSED,Follow-up engineering review recorded; case closed only after separately authorized action.,SYNTHETIC
WO-0087,HIST-0087,SIM-HIST-TASK-DEMO-44-031,VIE,2026-06-02T03:05:00Z,2026-06-02T05:44:00Z,CLOSED,Symptom not reproduced during recorded checks. Repeat history must remain visible; do not treat as proof that a new issue is harmless.,SYNTHETIC
WO-0088,HIST-0088,SIM-HIST-TASK-DEMO-33-012,ZRH,2026-05-09T03:05:00Z,2026-05-09T06:32:00Z,CLOSED,Historical record reports component replacement after authorized troubleshooting. Planning summary only; no physical instructions.,SYNTHETIC
WO-0089,HIST-0089,SIM-HIST-TASK-DEMO-44-018,DXB,2026-03-19T06:05:00Z,2026-03-19T08:11:00Z,CLOSED,Symptom not reproduced during recorded checks. Repeat history must remain visible; do not treat as proof that a new issue is harmless.,SYNTHETIC
WO-0090,HIST-0090,SIM-HIST-TASK-DEMO-44-031,AUH,2026-06-12T06:05:00Z,2026-06-12T08:30:00Z,CLOSED,Historical record reports a connection-related indication issue corrected under the then-applicable work package. This does not establish the cause of a new defect.,SYNTHETIC
WO-0091,HIST-0091,SIM-HIST-TASK-DEMO-A350-21-047,LHR,2026-04-25T01:05:00Z,2026-04-25T04:23:00Z,CLOSED,Historical record reports component replacement after authorized troubleshooting. Planning summary only; no physical instructions.,SYNTHETIC
WO-0092,HIST-0092,SIM-HIST-TASK-DEMO-44-018,MUC,2026-03-26T06:05:00Z,2026-03-26T08:29:00Z,CLOSED,Historical record reports a connection-related indication issue corrected under the then-applicable work package. This does not establish the cause of a new defect.,SYNTHETIC
WO-0093,HIST-0093,SIM-HIST-TASK-DEMO-33-012,VIE,2026-08-16T01:05:00Z,2026-08-16T03:33:00Z,CLOSED,Historical record reports component replacement after authorized troubleshooting. Planning summary only; no physical instructions.,SYNTHETIC
WO-0094,HIST-0094,SIM-HIST-TASK-DEMO-A350-21-047,ZRH,2026-07-26T02:05:00Z,2026-07-26T04:25:00Z,CLOSED,Historical record reports a connection-related indication issue corrected under the then-applicable work package. This does not establish the cause of a new defect.,SYNTHETIC
WO-0095,HIST-0095,SIM-HIST-TASK-DEMO-44-018,BRU,2026-04-24T23:05:00Z,2026-04-24T23:32:00Z,CLOSED,Historical record reports a connection-related indication issue corrected under the then-applicable work package. This does not establish the cause of a new defect.,SYNTHETIC
WO-0096,HIST-0096,SIM-HIST-TASK-DEMO-44-031,BRU,2026-05-02T23:05:00Z,2026-05-03T00:02:00Z,CLOSED,Follow-up engineering review recorded; case closed only after separately authorized action.,SYNTHETIC
WO-0097,HIST-0097,SIM-HIST-TASK-DEMO-25-019,LHR,2026-06-30T23:05:00Z,2026-07-01T00:21:00Z,CLOSED,Historical record reports a connection-related indication issue corrected under the then-applicable work package. This does not establish the cause of a new defect.,SYNTHETIC
WO-0098,HIST-0098,SIM-HIST-TASK-DEMO-25-027,FRA,2026-07-06T05:05:00Z,2026-07-06T06:50:00Z,CLOSED,Symptom not reproduced during recorded checks. Repeat history must remain visible; do not treat as proof that a new issue is harmless.,SYNTHETIC
WO-0099,HIST-0099,SIM-HIST-TASK-DEMO-33-012,MUC,2026-08-21T05:05:00Z,2026-08-21T05:30:00Z,CLOSED,Follow-up engineering review recorded; case closed only after separately authorized action.,SYNTHETIC
WO-0100,HIST-0100,SIM-HIST-TASK-DEMO-44-031,AMS,2026-06-22T23:05:00Z,2026-06-23T00:09:00Z,CLOSED,Follow-up engineering review recorded; case closed only after separately authorized action.,SYNTHETIC
WO-0101,HIST-0101,SIM-HIST-TASK-DEMO-44-031,FCO,2026-04-06T04:05:00Z,2026-04-06T06:22:00Z,CLOSED,Follow-up engineering review recorded; case closed only after separately authorized action.,SYNTHETIC
WO-0102,HIST-0102,SIM-HIST-TASK-DEMO-33-012,LHR,2026-03-21T04:05:00Z,2026-03-21T06:45:00Z,CLOSED,Historical record reports component replacement after authorized troubleshooting. Planning summary only; no physical instructions.,SYNTHETIC
WO-0103,HIST-0103,SIM-HIST-TASK-DEMO-25-019,DXB,2026-06-03T05:05:00Z,2026-06-03T08:48:00Z,CLOSED,Historical record reports component replacement after authorized troubleshooting. Planning summary only; no physical instructions.,SYNTHETIC
WO-0104,HIST-0104,SIM-HIST-TASK-DEMO-25-027,DOH,2026-08-30T05:05:00Z,2026-08-30T05:32:00Z,CLOSED,Symptom not reproduced during recorded checks. Repeat history must remain visible; do not treat as proof that a new issue is harmless.,SYNTHETIC
WO-0105,HIST-0105,SIM-HIST-TASK-DEMO-33-012,DOH,2026-03-25T04:05:00Z,2026-03-25T07:33:00Z,CLOSED,Historical record reports component replacement after authorized troubleshooting. Planning summary only; no physical instructions.,SYNTHETIC
WO-0106,HIST-0106,SIM-HIST-TASK-DEMO-A350-21-047,FCO,2026-04-25T03:05:00Z,2026-04-25T04:15:00Z,CLOSED,Symptom not reproduced during recorded checks. Repeat history must remain visible; do not treat as proof that a new issue is harmless.,SYNTHETIC
WO-0107,HIST-0107,SIM-HIST-TASK-DEMO-A350-21-047,FRA,2026-09-01T03:05:00Z,2026-09-01T06:29:00Z,CLOSED,Follow-up engineering review recorded; case closed only after separately authorized action.,SYNTHETIC
WO-0108,HIST-0108,SIM-HIST-TASK-DEMO-25-027,DOH,2026-05-20T23:05:00Z,2026-05-21T00:59:00Z,CLOSED,Historical record reports component replacement after authorized troubleshooting. Planning summary only; no physical instructions.,SYNTHETIC
WO-0109,HIST-0109,SIM-HIST-TASK-DEMO-33-012,DXB,2026-07-04T06:05:00Z,2026-07-04T08:23:00Z,CLOSED,Historical record reports a connection-related indication issue corrected under the then-applicable work package. This does not establish the cause of a new defect.,SYNTHETIC
WO-0110,HIST-0110,SIM-HIST-TASK-DEMO-44-031,DOH,2026-07-19T02:05:00Z,2026-07-19T04:35:00Z,CLOSED,Historical record reports component replacement after authorized troubleshooting. Planning summary only; no physical instructions.,SYNTHETIC
WO-0111,HIST-0111,SIM-HIST-TASK-DEMO-44-018,FRA,2026-05-12T22:05:00Z,2026-05-12T23:55:00Z,CLOSED,Historical record reports component replacement after authorized troubleshooting. Planning summary only; no physical instructions.,SYNTHETIC
WO-0112,HIST-0112,SIM-HIST-TASK-DEMO-25-027,AMS,2026-09-11T05:05:00Z,2026-09-11T06:26:00Z,CLOSED,Follow-up engineering review recorded; case closed only after separately authorized action.,SYNTHETIC
WO-0113,HIST-0113,SIM-HIST-TASK-DEMO-25-027,LHR,2026-05-17T06:05:00Z,2026-05-17T06:41:00Z,CLOSED,Historical record reports component replacement after authorized troubleshooting. Planning summary only; no physical instructions.,SYNTHETIC
WO-0114,HIST-0114,SIM-HIST-TASK-DEMO-44-018,AMS,2026-04-28T06:05:00Z,2026-04-28T09:49:00Z,CLOSED,Historical record reports component replacement after authorized troubleshooting. Planning summary only; no physical instructions.,SYNTHETIC
WO-0115,HIST-0115,SIM-HIST-TASK-DEMO-44-018,MUC,2026-04-27T01:05:00Z,2026-04-27T02:48:00Z,CLOSED,Historical record reports a connection-related indication issue corrected under the then-applicable work package. This does not establish the cause of a new defect.,SYNTHETIC
WO-0116,HIST-0116,SIM-HIST-TASK-DEMO-A350-21-047,ZRH,2026-03-24T01:05:00Z,2026-03-24T04:21:00Z,CLOSED,Historical record reports a connection-related indication issue corrected under the then-applicable work package. This does not establish the cause of a new defect.,SYNTHETIC
WO-0117,HIST-0117,SIM-HIST-TASK-DEMO-33-012,DOH,2026-08-30T22:05:00Z,2026-08-31T01:34:00Z,CLOSED,Historical record reports component replacement after authorized troubleshooting. Planning summary only; no physical instructions.,SYNTHETIC
WO-0118,HIST-0118,SIM-HIST-TASK-DEMO-33-012,LHR,2026-09-07T00:05:00Z,2026-09-07T03:07:00Z,CLOSED,Symptom not reproduced during recorded checks. Repeat history must remain visible; do not treat as proof that a new issue is harmless.,SYNTHETIC
WO-0119,HIST-0119,SIM-HIST-TASK-DEMO-33-012,FRA,2026-08-27T01:05:00Z,2026-08-27T04:12:00Z,CLOSED,Follow-up engineering review recorded; case closed only after separately authorized action.,SYNTHETIC
WO-0120,HIST-0120,SIM-HIST-TASK-DEMO-A350-21-047,FCO,2026-07-27T02:05:00Z,2026-07-27T05:31:00Z,CLOSED,Symptom not reproduced during recorded checks. Repeat history must remain visible; do not treat as proof that a new issue is harmless.,SYNTHETIC
WO-0121,HIST-0121,SIM-HIST-TASK-DEMO-A350-21-047,BRU,2026-06-19T06:05:00Z,2026-06-19T07:17:00Z,CLOSED,Historical record reports a connection-related indication issue corrected under the then-applicable work package. This does not establish the cause of a new defect.,SYNTHETIC
WO-0122,HIST-0122,SIM-HIST-TASK-DEMO-25-027,MUC,2026-04-27T06:05:00Z,2026-04-27T06:46:00Z,CLOSED,Follow-up engineering review recorded; case closed only after separately authorized action.,SYNTHETIC
WO-0123,HIST-0123,SIM-HIST-TASK-DEMO-A350-21-047,DOH,2026-06-19T03:05:00Z,2026-06-19T04:20:00Z,CLOSED,Symptom not reproduced during recorded checks. Repeat history must remain visible; do not treat as proof that a new issue is harmless.,SYNTHETIC
WO-0124,HIST-0124,SIM-HIST-TASK-DEMO-A350-21-047,FCO,2026-05-08T01:05:00Z,2026-05-08T02:25:00Z,CLOSED,Follow-up engineering review recorded; case closed only after separately authorized action.,SYNTHETIC
WO-0125,HIST-0125,SIM-HIST-TASK-DEMO-A350-21-047,AMS,2026-05-18T00:05:00Z,2026-05-18T02:06:00Z,CLOSED,Follow-up engineering review recorded; case closed only after separately authorized action.,SYNTHETIC
WO-0126,HIST-0126,SIM-HIST-TASK-DEMO-44-031,BRU,2026-06-23T22:05:00Z,2026-06-24T00:52:00Z,CLOSED,Symptom not reproduced during recorded checks. Repeat history must remain visible; do not treat as proof that a new issue is harmless.,SYNTHETIC
WO-0127,HIST-0127,SIM-HIST-TASK-DEMO-33-012,DOH,2026-08-25T22:05:00Z,2026-08-26T00:31:00Z,CLOSED,Follow-up engineering review recorded; case closed only after separately authorized action.,SYNTHETIC
WO-0128,HIST-0128,SIM-HIST-TASK-DEMO-25-027,BRU,2026-04-27T01:05:00Z,2026-04-27T02:37:00Z,CLOSED,Follow-up engineering review recorded; case closed only after separately authorized action.,SYNTHETIC
WO-0129,HIST-0129,SIM-HIST-TASK-DEMO-25-019,LHR,2026-07-19T05:05:00Z,2026-07-19T07:47:00Z,CLOSED,Follow-up engineering review recorded; case closed only after separately authorized action.,SYNTHETIC
WO-0130,HIST-0130,SIM-HIST-TASK-DEMO-33-012,BRU,2026-03-24T04:05:00Z,2026-03-24T05:10:00Z,CLOSED,Historical record reports a connection-related indication issue corrected under the then-applicable work package. This does not establish the cause of a new defect.,SYNTHETIC
WO-0131,HIST-0131,SIM-HIST-TASK-DEMO-A350-21-047,BRU,2026-04-19T03:05:00Z,2026-04-19T06:36:00Z,CLOSED,Historical record reports a connection-related indication issue corrected under the then-applicable work package. This does not establish the cause of a new defect.,SYNTHETIC
WO-0132,HIST-0132,SIM-HIST-TASK-DEMO-44-018,AMS,2026-09-10T05:05:00Z,2026-09-10T07:20:00Z,CLOSED,Symptom not reproduced during recorded checks. Repeat history must remain visible; do not treat as proof that a new issue is harmless.,SYNTHETIC
WO-0133,HIST-0133,SIM-HIST-TASK-DEMO-44-018,LHR,2026-06-06T22:05:00Z,2026-06-06T23:53:00Z,CLOSED,Historical record reports a connection-related indication issue corrected under the then-applicable work package. This does not establish the cause of a new defect.,SYNTHETIC
WO-0134,HIST-0134,SIM-HIST-TASK-DEMO-A350-21-047,FRA,2026-07-20T04:05:00Z,2026-07-20T07:21:00Z,CLOSED,Historical record reports component replacement after authorized troubleshooting. Planning summary only; no physical instructions.,SYNTHETIC
WO-0135,HIST-0135,SIM-HIST-TASK-DEMO-44-031,AMS,2026-07-11T06:05:00Z,2026-07-11T09:48:00Z,CLOSED,Follow-up engineering review recorded; case closed only after separately authorized action.,SYNTHETIC
WO-0136,HIST-0136,SIM-HIST-TASK-DEMO-25-027,FRA,2026-04-13T03:05:00Z,2026-04-13T05:29:00Z,CLOSED,Historical record reports a connection-related indication issue corrected under the then-applicable work package. This does not establish the cause of a new defect.,SYNTHETIC
WO-0137,HIST-0137,SIM-HIST-TASK-DEMO-25-019,ZRH,2026-08-09T03:05:00Z,2026-08-09T05:41:00Z,CLOSED,Historical record reports a connection-related indication issue corrected under the then-applicable work package. This does not establish the cause of a new defect.,SYNTHETIC
WO-0138,HIST-0138,SIM-HIST-TASK-DEMO-25-027,LHR,2026-06-09T22:05:00Z,2026-06-10T00:09:00Z,CLOSED,Historical record reports a connection-related indication issue corrected under the then-applicable work package. This does not establish the cause of a new defect.,SYNTHETIC
WO-0139,HIST-0139,SIM-HIST-TASK-DEMO-25-019,AUH,2026-05-22T05:05:00Z,2026-05-22T07:43:00Z,CLOSED,Follow-up engineering review recorded; case closed only after separately authorized action.,SYNTHETIC
WO-0140,HIST-0140,SIM-HIST-TASK-DEMO-44-031,FRA,2026-09-04T04:05:00Z,2026-09-04T06:18:00Z,CLOSED,Symptom not reproduced during recorded checks. Repeat history must remain visible; do not treat as proof that a new issue is harmless.,SYNTHETIC
WO-0141,HIST-0141,SIM-HIST-TASK-DEMO-33-012,FRA,2026-07-03T04:05:00Z,2026-07-03T06:33:00Z,CLOSED,Symptom not reproduced during recorded checks. Repeat history must remain visible; do not treat as proof that a new issue is harmless.,SYNTHETIC
WO-0142,HIST-0142,SIM-HIST-TASK-DEMO-25-027,AUH,2026-07-30T05:05:00Z,2026-07-30T06:26:00Z,CLOSED,Historical record reports component replacement after authorized troubleshooting. Planning summary only; no physical instructions.,SYNTHETIC
WO-0143,HIST-0143,SIM-HIST-TASK-DEMO-44-031,DOH,2026-06-24T00:05:00Z,2026-06-24T01:48:00Z,CLOSED,Historical record reports component replacement after authorized troubleshooting. Planning summary only; no physical instructions.,SYNTHETIC
WO-0144,HIST-0144,SIM-HIST-TASK-DEMO-33-012,MUC,2026-08-02T02:05:00Z,2026-08-02T04:45:00Z,CLOSED,Historical record reports component replacement after authorized troubleshooting. Planning summary only; no physical instructions.,SYNTHETIC
WO-0145,HIST-0145,SIM-HIST-TASK-DEMO-A350-21-047,AMS,2026-06-15T05:05:00Z,2026-06-15T06:43:00Z,CLOSED,Follow-up engineering review recorded; case closed only after separately authorized action.,SYNTHETIC
WO-0146,HIST-0146,SIM-HIST-TASK-DEMO-44-031,MUC,2026-03-31T23:05:00Z,2026-04-01T02:09:00Z,CLOSED,Historical record reports component replacement after authorized troubleshooting. Planning summary only; no physical instructions.,SYNTHETIC
WO-0147,HIST-0147,SIM-HIST-TASK-DEMO-44-018,FRA,2026-09-01T01:05:00Z,2026-09-01T04:24:00Z,CLOSED,Symptom not reproduced during recorded checks. Repeat history must remain visible; do not treat as proof that a new issue is harmless.,SYNTHETIC
WO-0148,HIST-0148,SIM-HIST-TASK-DEMO-A350-21-047,BRU,2026-05-28T02:05:00Z,2026-05-28T05:15:00Z,CLOSED,Symptom not reproduced during recorded checks. Repeat history must remain visible; do not treat as proof that a new issue is harmless.,SYNTHETIC
WO-0149,HIST-0149,SIM-HIST-TASK-DEMO-44-018,FCO,2026-07-27T22:05:00Z,2026-07-28T00:57:00Z,CLOSED,Historical record reports a connection-related indication issue corrected under the then-applicable work package. This does not establish the cause of a new defect.,SYNTHETIC
WO-0150,HIST-0150,SIM-HIST-TASK-DEMO-25-027,AUH,2026-06-20T02:05:00Z,2026-06-20T03:04:00Z,CLOSED,Historical record reports a connection-related indication issue corrected under the then-applicable work package. This does not establish the cause of a new defect.,SYNTHETIC
WO-0151,HIST-0151,SIM-HIST-TASK-DEMO-33-012,LHR,2026-06-05T00:05:00Z,2026-06-05T03:20:00Z,CLOSED,Follow-up engineering review recorded; case closed only after separately authorized action.,SYNTHETIC
WO-0152,HIST-0152,SIM-HIST-TASK-DEMO-25-027,VIE,2026-04-05T00:05:00Z,2026-04-05T02:57:00Z,CLOSED,Historical record reports a connection-related indication issue corrected under the then-applicable work package. This does not establish the cause of a new defect.,SYNTHETIC
WO-0153,HIST-0153,SIM-HIST-TASK-DEMO-25-027,AMS,2026-03-31T04:05:00Z,2026-03-31T04:58:00Z,CLOSED,Historical record reports a connection-related indication issue corrected under the then-applicable work package. This does not establish the cause of a new defect.,SYNTHETIC
WO-0154,HIST-0154,SIM-HIST-TASK-DEMO-44-018,VIE,2026-08-31T02:05:00Z,2026-08-31T03:19:00Z,CLOSED,Historical record reports component replacement after authorized troubleshooting. Planning summary only; no physical instructions.,SYNTHETIC
WO-0155,HIST-0155,SIM-HIST-TASK-DEMO-A350-21-047,FCO,2026-08-19T05:05:00Z,2026-08-19T07:57:00Z,CLOSED,Follow-up engineering review recorded; case closed only after separately authorized action.,SYNTHETIC
WO-0156,HIST-0156,SIM-HIST-TASK-DEMO-44-031,ZRH,2026-05-04T01:05:00Z,2026-05-04T04:32:00Z,CLOSED,Symptom not reproduced during recorded checks. Repeat history must remain visible; do not treat as proof that a new issue is harmless.,SYNTHETIC
WO-0157,HIST-0157,SIM-HIST-TASK-DEMO-25-027,DOH,2026-05-06T04:05:00Z,2026-05-06T07:01:00Z,CLOSED,Symptom not reproduced during recorded checks. Repeat history must remain visible; do not treat as proof that a new issue is harmless.,SYNTHETIC
WO-0158,HIST-0158,SIM-HIST-TASK-DEMO-25-027,MUC,2026-07-29T02:05:00Z,2026-07-29T05:19:00Z,CLOSED,Historical record reports a connection-related indication issue corrected under the then-applicable work package. This does not establish the cause of a new defect.,SYNTHETIC
WO-0159,HIST-0159,SIM-HIST-TASK-DEMO-A350-21-047,BRU,2026-06-10T23:05:00Z,2026-06-11T01:19:00Z,CLOSED,Historical record reports a connection-related indication issue corrected under the then-applicable work package. This does not establish the cause of a new defect.,SYNTHETIC
WO-0160,HIST-0160,SIM-HIST-TASK-DEMO-A350-21-047,BRU,2026-04-03T03:05:00Z,2026-04-03T06:26:00Z,CLOSED,Follow-up engineering review recorded; case closed only after separately authorized action.,SYNTHETIC
WO-0161,HIST-0161,SIM-HIST-TASK-DEMO-25-019,MUC,2026-08-25T04:05:00Z,2026-08-25T07:07:00Z,CLOSED,Historical record reports a connection-related indication issue corrected under the then-applicable work package. This does not establish the cause of a new defect.,SYNTHETIC
WO-0162,HIST-0162,SIM-HIST-TASK-DEMO-A350-21-047,ZRH,2026-04-28T22:05:00Z,2026-04-29T00:24:00Z,CLOSED,Follow-up engineering review recorded; case closed only after separately authorized action.,SYNTHETIC
WO-0163,HIST-0163,SIM-HIST-TASK-DEMO-25-019,DXB,2026-07-05T04:05:00Z,2026-07-05T06:36:00Z,CLOSED,Historical record reports a connection-related indication issue corrected under the then-applicable work package. This does not establish the cause of a new defect.,SYNTHETIC
WO-0164,HIST-0164,SIM-HIST-TASK-DEMO-44-031,FRA,2026-07-19T02:05:00Z,2026-07-19T03:26:00Z,CLOSED,Historical record reports a connection-related indication issue corrected under the then-applicable work package. This does not establish the cause of a new defect.,SYNTHETIC
WO-0165,HIST-0165,SIM-HIST-TASK-DEMO-44-031,ZRH,2026-06-07T22:05:00Z,2026-06-07T22:51:00Z,CLOSED,Historical record reports a connection-related indication issue corrected under the then-applicable work package. This does not establish the cause of a new defect.,SYNTHETIC
WO-0166,HIST-0166,SIM-HIST-TASK-DEMO-A350-21-047,CDG,2026-07-10T04:05:00Z,2026-07-10T05:46:00Z,CLOSED,Historical record reports a connection-related indication issue corrected under the then-applicable work package. This does not establish the cause of a new defect.,SYNTHETIC
WO-0167,HIST-0167,SIM-HIST-TASK-DEMO-44-018,FRA,2026-03-22T22:05:00Z,2026-03-23T00:29:00Z,CLOSED,Historical record reports a connection-related indication issue corrected under the then-applicable work package. This does not establish the cause of a new defect.,SYNTHETIC
WO-0168,HIST-0168,SIM-HIST-TASK-DEMO-25-019,MUC,2026-04-16T03:05:00Z,2026-04-16T06:41:00Z,CLOSED,Historical record reports a connection-related indication issue corrected under the then-applicable work package. This does not establish the cause of a new defect.,SYNTHETIC
WO-0169,HIST-0169,SIM-HIST-TASK-DEMO-33-012,VIE,2026-08-20T04:05:00Z,2026-08-20T04:52:00Z,CLOSED,Historical record reports a connection-related indication issue corrected under the then-applicable work package. This does not establish the cause of a new defect.,SYNTHETIC
WO-0170,HIST-0170,SIM-HIST-TASK-DEMO-44-031,FRA,2026-08-08T01:05:00Z,2026-08-08T03:49:00Z,CLOSED,Historical record reports component replacement after authorized troubleshooting. Planning summary only; no physical instructions.,SYNTHETIC
WO-0171,HIST-0171,SIM-HIST-TASK-DEMO-A350-21-047,FCO,2026-05-24T02:05:00Z,2026-05-24T05:22:00Z,CLOSED,Historical record reports a connection-related indication issue corrected under the then-applicable work package. This does not establish the cause of a new defect.,SYNTHETIC
WO-0172,HIST-0172,SIM-HIST-TASK-DEMO-25-027,VIE,2026-08-25T06:05:00Z,2026-08-25T09:41:00Z,CLOSED,Symptom not reproduced during recorded checks. Repeat history must remain visible; do not treat as proof that a new issue is harmless.,SYNTHETIC
WO-0173,HIST-0173,SIM-HIST-TASK-DEMO-A350-21-047,FRA,2026-07-12T00:05:00Z,2026-07-12T00:52:00Z,CLOSED,Historical record reports a connection-related indication issue corrected under the then-applicable work package. This does not establish the cause of a new defect.,SYNTHETIC
WO-0174,HIST-0174,SIM-HIST-TASK-DEMO-A350-21-047,DOH,2026-05-27T05:05:00Z,2026-05-27T07:47:00Z,CLOSED,Historical record reports component replacement after authorized troubleshooting. Planning summary only; no physical instructions.,SYNTHETIC
WO-0175,HIST-0175,SIM-HIST-TASK-DEMO-25-019,FRA,2026-07-29T00:05:00Z,2026-07-29T01:02:00Z,CLOSED,Symptom not reproduced during recorded checks. Repeat history must remain visible; do not treat as proof that a new issue is harmless.,SYNTHETIC
WO-0176,HIST-0176,SIM-HIST-TASK-DEMO-25-027,FRA,2026-05-14T05:05:00Z,2026-05-14T07:52:00Z,CLOSED,Follow-up engineering review recorded; case closed only after separately authorized action.,SYNTHETIC
WO-0177,HIST-0177,SIM-HIST-TASK-DEMO-A350-21-047,AUH,2026-05-24T00:05:00Z,2026-05-24T03:44:00Z,CLOSED,Follow-up engineering review recorded; case closed only after separately authorized action.,SYNTHETIC
WO-0178,HIST-0178,SIM-HIST-TASK-DEMO-44-018,AUH,2026-04-24T03:05:00Z,2026-04-24T05:30:00Z,CLOSED,Historical record reports a connection-related indication issue corrected under the then-applicable work package. This does not establish the cause of a new defect.,SYNTHETIC
WO-0179,HIST-0179,SIM-HIST-TASK-DEMO-33-012,BRU,2026-07-19T22:05:00Z,2026-07-20T01:48:00Z,CLOSED,Historical record reports a connection-related indication issue corrected under the then-applicable work package. This does not establish the cause of a new defect.,SYNTHETIC
WO-0180,HIST-0180,SIM-HIST-TASK-DEMO-25-027,ZRH,2026-06-30T02:05:00Z,2026-06-30T03:25:00Z,CLOSED,Historical record reports component replacement after authorized troubleshooting. Planning summary only; no physical instructions.,SYNTHETIC
WO-0181,HIST-0181,SIM-HIST-TASK-DEMO-25-019,LHR,2026-08-19T00:05:00Z,2026-08-19T01:43:00Z,CLOSED,Symptom not reproduced during recorded checks. Repeat history must remain visible; do not treat as proof that a new issue is harmless.,SYNTHETIC
WO-0182,HIST-0182,SIM-HIST-TASK-DEMO-25-019,MUC,2026-03-23T06:05:00Z,2026-03-23T07:08:00Z,CLOSED,Historical record reports component replacement after authorized troubleshooting. Planning summary only; no physical instructions.,SYNTHETIC
WO-0183,HIST-0183,SIM-HIST-TASK-DEMO-25-027,CDG,2026-05-16T23:05:00Z,2026-05-17T01:09:00Z,CLOSED,Follow-up engineering review recorded; case closed only after separately authorized action.,SYNTHETIC
WO-0184,HIST-0184,SIM-HIST-TASK-DEMO-44-018,AMS,2026-05-08T06:05:00Z,2026-05-08T09:02:00Z,CLOSED,Historical record reports a connection-related indication issue corrected under the then-applicable work package. This does not establish the cause of a new defect.,SYNTHETIC
WO-0185,HIST-0185,SIM-HIST-TASK-DEMO-25-019,FCO,2026-05-15T00:05:00Z,2026-05-15T02:18:00Z,CLOSED,Historical record reports component replacement after authorized troubleshooting. Planning summary only; no physical instructions.,SYNTHETIC
WO-0186,HIST-0186,SIM-HIST-TASK-DEMO-44-031,CDG,2026-09-10T23:05:00Z,2026-09-11T01:56:00Z,CLOSED,Follow-up engineering review recorded; case closed only after separately authorized action.,SYNTHETIC
WO-0187,HIST-0187,SIM-HIST-TASK-DEMO-25-019,DOH,2026-06-03T06:05:00Z,2026-06-03T08:39:00Z,CLOSED,Historical record reports component replacement after authorized troubleshooting. Planning summary only; no physical instructions.,SYNTHETIC
WO-0188,HIST-0188,SIM-HIST-TASK-DEMO-25-027,VIE,2026-07-28T03:05:00Z,2026-07-28T05:49:00Z,CLOSED,Historical record reports a connection-related indication issue corrected under the then-applicable work package. This does not establish the cause of a new defect.,SYNTHETIC
WO-0189,HIST-0189,SIM-HIST-TASK-DEMO-25-027,AMS,2026-08-31T05:05:00Z,2026-08-31T06:04:00Z,CLOSED,Historical record reports a connection-related indication issue corrected under the then-applicable work package. This does not establish the cause of a new defect.,SYNTHETIC
WO-0190,HIST-0190,SIM-HIST-TASK-DEMO-33-012,DXB,2026-04-13T02:05:00Z,2026-04-13T04:10:00Z,CLOSED,Historical record reports a connection-related indication issue corrected under the then-applicable work package. This does not establish the cause of a new defect.,SYNTHETIC
WO-0191,HIST-0191,SIM-HIST-TASK-DEMO-44-031,BRU,2026-08-04T23:05:00Z,2026-08-05T00:00:00Z,CLOSED,Historical record reports component replacement after authorized troubleshooting. Planning summary only; no physical instructions.,SYNTHETIC
WO-0192,HIST-0192,SIM-HIST-TASK-DEMO-33-012,ZRH,2026-03-27T01:05:00Z,2026-03-27T03:44:00Z,CLOSED,Follow-up engineering review recorded; case closed only after separately authorized action.,SYNTHETIC
WO-0193,HIST-0193,SIM-HIST-TASK-DEMO-25-019,MUC,2026-04-15T23:05:00Z,2026-04-15T23:35:00Z,CLOSED,Historical record reports component replacement after authorized troubleshooting. Planning summary only; no physical instructions.,SYNTHETIC
WO-0194,HIST-0194,SIM-HIST-TASK-DEMO-44-031,ZRH,2026-06-07T02:05:00Z,2026-06-07T03:10:00Z,CLOSED,Historical record reports a connection-related indication issue corrected under the then-applicable work package. This does not establish the cause of a new defect.,SYNTHETIC
WO-0195,HIST-0195,SIM-HIST-TASK-DEMO-25-019,VIE,2026-08-16T06:05:00Z,2026-08-16T07:20:00Z,CLOSED,Symptom not reproduced during recorded checks. Repeat history must remain visible; do not treat as proof that a new issue is harmless.,SYNTHETIC
WO-0196,HIST-0196,SIM-HIST-TASK-DEMO-44-018,MUC,2026-03-18T22:05:00Z,2026-03-19T01:49:00Z,CLOSED,Historical record reports a connection-related indication issue corrected under the then-applicable work package. This does not establish the cause of a new defect.,SYNTHETIC
WO-0197,HIST-0197,SIM-HIST-TASK-DEMO-33-012,DOH,2026-07-21T06:05:00Z,2026-07-21T09:19:00Z,CLOSED,Historical record reports a connection-related indication issue corrected under the then-applicable work package. This does not establish the cause of a new defect.,SYNTHETIC
WO-0198,HIST-0198,SIM-HIST-TASK-DEMO-25-019,LHR,2026-04-21T23:05:00Z,2026-04-22T02:19:00Z,CLOSED,Historical record reports component replacement after authorized troubleshooting. Planning summary only; no physical instructions.,SYNTHETIC
WO-0199,HIST-0199,SIM-HIST-TASK-DEMO-25-019,MUC,2026-04-01T06:05:00Z,2026-04-01T08:59:00Z,CLOSED,Historical record reports component replacement after authorized troubleshooting. Planning summary only; no physical instructions.,SYNTHETIC
WO-0200,HIST-0200,SIM-HIST-TASK-DEMO-33-012,VIE,2026-08-30T06:05:00Z,2026-08-30T07:29:00Z,CLOSED,Follow-up engineering review recorded; case closed only after separately authorized action.,SYNTHETIC
WO-0201,HIST-0201,SIM-HIST-TASK-DEMO-25-019,FRA,2026-05-09T05:05:00Z,2026-05-09T08:09:00Z,CLOSED,Historical record reports a connection-related indication issue corrected under the then-applicable work package. This does not establish the cause of a new defect.,SYNTHETIC
WO-0202,HIST-0202,SIM-HIST-TASK-DEMO-44-031,MUC,2026-09-07T04:05:00Z,2026-09-07T06:10:00Z,CLOSED,Historical record reports component replacement after authorized troubleshooting. Planning summary only; no physical instructions.,SYNTHETIC
WO-0203,HIST-0203,SIM-HIST-TASK-DEMO-25-019,MUC,2026-08-25T01:05:00Z,2026-08-25T04:02:00Z,CLOSED,Historical record reports a connection-related indication issue corrected under the then-applicable work package. This does not establish the cause of a new defect.,SYNTHETIC
WO-0204,HIST-0204,SIM-HIST-TASK-DEMO-44-018,LHR,2026-04-16T04:05:00Z,2026-04-16T04:36:00Z,CLOSED,Historical record reports a connection-related indication issue corrected under the then-applicable work package. This does not establish the cause of a new defect.,SYNTHETIC
WO-0205,HIST-0205,SIM-HIST-TASK-DEMO-44-018,DXB,2026-06-05T05:05:00Z,2026-06-05T07:02:00Z,CLOSED,Follow-up engineering review recorded; case closed only after separately authorized action.,SYNTHETIC
WO-0206,HIST-0206,SIM-HIST-TASK-DEMO-33-012,ZRH,2026-08-03T03:05:00Z,2026-08-03T06:11:00Z,CLOSED,Symptom not reproduced during recorded checks. Repeat history must remain visible; do not treat as proof that a new issue is harmless.,SYNTHETIC
WO-0207,HIST-0207,SIM-HIST-TASK-DEMO-25-027,DXB,2026-04-24T02:05:00Z,2026-04-24T03:12:00Z,CLOSED,Follow-up engineering review recorded; case closed only after separately authorized action.,SYNTHETIC
WO-0208,HIST-0208,SIM-HIST-TASK-DEMO-25-019,AUH,2026-07-02T04:05:00Z,2026-07-02T04:42:00Z,CLOSED,Symptom not reproduced during recorded checks. Repeat history must remain visible; do not treat as proof that a new issue is harmless.,SYNTHETIC
WO-0209,HIST-0209,SIM-HIST-TASK-DEMO-A350-21-047,AMS,2026-07-08T01:05:00Z,2026-07-08T03:56:00Z,CLOSED,Historical record reports component replacement after authorized troubleshooting. Planning summary only; no physical instructions.,SYNTHETIC
WO-0210,HIST-0210,SIM-HIST-TASK-DEMO-44-031,MUC,2026-06-27T00:05:00Z,2026-06-27T01:18:00Z,CLOSED,Historical record reports a connection-related indication issue corrected under the then-applicable work package. This does not establish the cause of a new defect.,SYNTHETIC
WO-0211,HIST-0211,SIM-HIST-TASK-DEMO-25-019,ZRH,2026-04-17T23:05:00Z,2026-04-18T01:55:00Z,CLOSED,Historical record reports a connection-related indication issue corrected under the then-applicable work package. This does not establish the cause of a new defect.,SYNTHETIC
WO-0212,HIST-0212,SIM-HIST-TASK-DEMO-33-012,AMS,2026-03-30T06:05:00Z,2026-03-30T09:17:00Z,CLOSED,Historical record reports component replacement after authorized troubleshooting. Planning summary only; no physical instructions.,SYNTHETIC
WO-0213,HIST-0213,SIM-HIST-TASK-DEMO-25-019,VIE,2026-08-04T23:05:00Z,2026-08-05T01:49:00Z,CLOSED,Historical record reports component replacement after authorized troubleshooting. Planning summary only; no physical instructions.,SYNTHETIC
WO-0214,HIST-0214,SIM-HIST-TASK-DEMO-A350-21-047,CDG,2026-07-12T01:05:00Z,2026-07-12T01:30:00Z,CLOSED,Historical record reports a connection-related indication issue corrected under the then-applicable work package. This does not establish the cause of a new defect.,SYNTHETIC
WO-0215,HIST-0215,SIM-HIST-TASK-DEMO-A350-21-047,VIE,2026-03-24T22:05:00Z,2026-03-25T00:04:00Z,CLOSED,Follow-up engineering review recorded; case closed only after separately authorized action.,SYNTHETIC
WO-0216,HIST-0216,SIM-HIST-TASK-DEMO-25-019,LHR,2026-06-26T04:05:00Z,2026-06-26T05:57:00Z,CLOSED,Historical record reports component replacement after authorized troubleshooting. Planning summary only; no physical instructions.,SYNTHETIC
WO-0217,HIST-0217,SIM-HIST-TASK-DEMO-44-031,FCO,2026-07-06T05:05:00Z,2026-07-06T05:48:00Z,CLOSED,Historical record reports component replacement after authorized troubleshooting. Planning summary only; no physical instructions.,SYNTHETIC
WO-0218,HIST-0218,SIM-HIST-TASK-DEMO-A350-21-047,DOH,2026-08-07T01:05:00Z,2026-08-07T01:53:00Z,CLOSED,Historical record reports component replacement after authorized troubleshooting. Planning summary only; no physical instructions.,SYNTHETIC
WO-0219,HIST-0219,SIM-HIST-TASK-DEMO-44-018,FRA,2026-03-18T05:05:00Z,2026-03-18T07:49:00Z,CLOSED,Historical record reports a connection-related indication issue corrected under the then-applicable work package. This does not establish the cause of a new defect.,SYNTHETIC
WO-0220,HIST-0220,SIM-HIST-TASK-DEMO-A350-21-047,LHR,2026-05-27T06:05:00Z,2026-05-27T09:43:00Z,CLOSED,Historical record reports component replacement after authorized troubleshooting. Planning summary only; no physical instructions.,SYNTHETIC
WO-0221,HIST-0221,SIM-HIST-TASK-DEMO-25-027,FRA,2026-07-23T06:05:00Z,2026-07-23T08:32:00Z,CLOSED,Historical record reports component replacement after authorized troubleshooting. Planning summary only; no physical instructions.,SYNTHETIC
WO-0222,HIST-0222,SIM-HIST-TASK-DEMO-44-031,AMS,2026-07-30T05:05:00Z,2026-07-30T06:13:00Z,CLOSED,Follow-up engineering review recorded; case closed only after separately authorized action.,SYNTHETIC
WO-0223,HIST-0223,SIM-HIST-TASK-DEMO-25-027,CDG,2026-07-17T05:05:00Z,2026-07-17T07:38:00Z,CLOSED,Symptom not reproduced during recorded checks. Repeat history must remain visible; do not treat as proof that a new issue is harmless.,SYNTHETIC
WO-0224,HIST-0224,SIM-HIST-TASK-DEMO-33-012,VIE,2026-04-16T02:05:00Z,2026-04-16T03:18:00Z,CLOSED,Historical record reports a connection-related indication issue corrected under the then-applicable work package. This does not establish the cause of a new defect.,SYNTHETIC
WO-0225,HIST-0225,SIM-HIST-TASK-DEMO-44-031,LHR,2026-04-04T06:05:00Z,2026-04-04T07:30:00Z,CLOSED,Historical record reports component replacement after authorized troubleshooting. Planning summary only; no physical instructions.,SYNTHETIC
WO-0226,HIST-0226,SIM-HIST-TASK-DEMO-33-012,DXB,2026-06-29T06:05:00Z,2026-06-29T09:18:00Z,CLOSED,Historical record reports a connection-related indication issue corrected under the then-applicable work package. This does not establish the cause of a new defect.,SYNTHETIC
WO-0227,HIST-0227,SIM-HIST-TASK-DEMO-25-019,AMS,2026-06-25T05:05:00Z,2026-06-25T05:47:00Z,CLOSED,Historical record reports a connection-related indication issue corrected under the then-applicable work package. This does not establish the cause of a new defect.,SYNTHETIC
WO-0228,HIST-0228,SIM-HIST-TASK-DEMO-33-012,DXB,2026-06-07T00:05:00Z,2026-06-07T03:37:00Z,CLOSED,Historical record reports component replacement after authorized troubleshooting. Planning summary only; no physical instructions.,SYNTHETIC
WO-0229,HIST-0229,SIM-HIST-TASK-DEMO-25-019,DXB,2026-05-26T00:05:00Z,2026-05-26T01:17:00Z,CLOSED,Historical record reports a connection-related indication issue corrected under the then-applicable work package. This does not establish the cause of a new defect.,SYNTHETIC
WO-0230,HIST-0230,SIM-HIST-TASK-DEMO-A350-21-047,BRU,2026-05-08T23:05:00Z,2026-05-09T00:31:00Z,CLOSED,Symptom not reproduced during recorded checks. Repeat history must remain visible; do not treat as proof that a new issue is harmless.,SYNTHETIC
WO-0231,HIST-0231,SIM-HIST-TASK-DEMO-25-019,FRA,2026-04-27T04:05:00Z,2026-04-27T05:36:00Z,CLOSED,Follow-up engineering review recorded; case closed only after separately authorized action.,SYNTHETIC
WO-0232,HIST-0232,SIM-HIST-TASK-DEMO-25-019,DXB,2026-06-12T05:05:00Z,2026-06-12T08:46:00Z,CLOSED,Follow-up engineering review recorded; case closed only after separately authorized action.,SYNTHETIC
WO-0233,HIST-0233,SIM-HIST-TASK-DEMO-44-018,LHR,2026-06-23T03:05:00Z,2026-06-23T05:04:00Z,CLOSED,Follow-up engineering review recorded; case closed only after separately authorized action.,SYNTHETIC
WO-0234,HIST-0234,SIM-HIST-TASK-DEMO-33-012,FCO,2026-07-12T06:05:00Z,2026-07-12T08:43:00Z,CLOSED,Historical record reports a connection-related indication issue corrected under the then-applicable work package. This does not establish the cause of a new defect.,SYNTHETIC
WO-0235,HIST-0235,SIM-HIST-TASK-DEMO-33-012,DXB,2026-05-11T02:05:00Z,2026-05-11T03:11:00Z,CLOSED,Historical record reports a connection-related indication issue corrected under the then-applicable work package. This does not establish the cause of a new defect.,SYNTHETIC
WO-0236,HIST-0236,SIM-HIST-TASK-DEMO-44-031,DOH,2026-04-30T05:05:00Z,2026-04-30T05:59:00Z,CLOSED,Symptom not reproduced during recorded checks. Repeat history must remain visible; do not treat as proof that a new issue is harmless.,SYNTHETIC
WO-0237,HIST-0237,SIM-HIST-TASK-DEMO-25-019,ZRH,2026-06-21T00:05:00Z,2026-06-21T03:20:00Z,CLOSED,Historical record reports component replacement after authorized troubleshooting. Planning summary only; no physical instructions.,SYNTHETIC
WO-0238,HIST-0238,SIM-HIST-TASK-DEMO-25-019,DOH,2026-05-06T01:05:00Z,2026-05-06T02:27:00Z,CLOSED,Historical record reports component replacement after authorized troubleshooting. Planning summary only; no physical instructions.,SYNTHETIC
WO-0239,HIST-0239,SIM-HIST-TASK-DEMO-33-012,DXB,2026-07-05T00:05:00Z,2026-07-05T02:56:00Z,CLOSED,Follow-up engineering review recorded; case closed only after separately authorized action.,SYNTHETIC
WO-0240,HIST-0240,SIM-HIST-TASK-DEMO-44-031,ZRH,2026-05-09T04:05:00Z,2026-05-09T05:19:00Z,CLOSED,Historical record reports component replacement after authorized troubleshooting. Planning summary only; no physical instructions.,SYNTHETIC
WO-0241,HIST-0241,SIM-HIST-TASK-DEMO-44-018,ZRH,2026-04-22T03:05:00Z,2026-04-22T06:36:00Z,CLOSED,Historical record reports component replacement after authorized troubleshooting. Planning summary only; no physical instructions.,SYNTHETIC
WO-0242,HIST-0242,SIM-HIST-TASK-DEMO-25-019,FRA,2026-08-24T22:05:00Z,2026-08-24T23:25:00Z,CLOSED,Historical record reports component replacement after authorized troubleshooting. Planning summary only; no physical instructions.,SYNTHETIC
WO-0243,HIST-0243,SIM-HIST-TASK-DEMO-44-018,DOH,2026-08-05T01:05:00Z,2026-08-05T04:00:00Z,CLOSED,Follow-up engineering review recorded; case closed only after separately authorized action.,SYNTHETIC
WO-0244,HIST-0244,SIM-HIST-TASK-DEMO-A350-21-047,BRU,2026-05-30T03:05:00Z,2026-05-30T06:13:00Z,CLOSED,Symptom not reproduced during recorded checks. Repeat history must remain visible; do not treat as proof that a new issue is harmless.,SYNTHETIC
WO-0245,HIST-0245,SIM-HIST-TASK-DEMO-33-012,FCO,2026-08-09T06:05:00Z,2026-08-09T09:39:00Z,CLOSED,Follow-up engineering review recorded; case closed only after separately authorized action.,SYNTHETIC
WO-0246,HIST-0246,SIM-HIST-TASK-DEMO-25-019,DXB,2026-08-14T06:05:00Z,2026-08-14T08:08:00Z,CLOSED,Historical record reports component replacement after authorized troubleshooting. Planning summary only; no physical instructions.,SYNTHETIC
WO-0247,HIST-0247,SIM-HIST-TASK-DEMO-44-031,AMS,2026-07-20T04:05:00Z,2026-07-20T05:04:00Z,CLOSED,Symptom not reproduced during recorded checks. Repeat history must remain visible; do not treat as proof that a new issue is harmless.,SYNTHETIC
WO-0248,HIST-0248,SIM-HIST-TASK-DEMO-44-018,CDG,2026-05-15T01:05:00Z,2026-05-15T02:09:00Z,CLOSED,Historical record reports component replacement after authorized troubleshooting. Planning summary only; no physical instructions.,SYNTHETIC
WO-0249,HIST-0249,SIM-HIST-TASK-DEMO-44-018,LHR,2026-04-05T04:05:00Z,2026-04-05T05:28:00Z,CLOSED,Historical record reports a connection-related indication issue corrected under the then-applicable work package. This does not establish the cause of a new defect.,SYNTHETIC
WO-0250,HIST-0250,SIM-HIST-TASK-DEMO-44-031,CDG,2026-04-24T04:05:00Z,2026-04-24T06:58:00Z,CLOSED,Symptom not reproduced during recorded checks. Repeat history must remain visible; do not treat as proof that a new issue is harmless.,SYNTHETIC
WO-0251,HIST-0251,SIM-HIST-TASK-DEMO-33-012,CDG,2026-06-20T01:05:00Z,2026-06-20T03:29:00Z,CLOSED,Historical record reports component replacement after authorized troubleshooting. Planning summary only; no physical instructions.,SYNTHETIC
WO-0252,HIST-0252,SIM-HIST-TASK-DEMO-25-019,DOH,2026-09-06T05:05:00Z,2026-09-06T08:21:00Z,CLOSED,Symptom not reproduced during recorded checks. Repeat history must remain visible; do not treat as proof that a new issue is harmless.,SYNTHETIC
WO-0253,HIST-0253,SIM-HIST-TASK-DEMO-A350-21-047,ZRH,2026-07-31T02:05:00Z,2026-07-31T02:46:00Z,CLOSED,Follow-up engineering review recorded; case closed only after separately authorized action.,SYNTHETIC
WO-0254,HIST-0254,SIM-HIST-TASK-DEMO-44-031,FRA,2026-05-29T03:05:00Z,2026-05-29T04:26:00Z,CLOSED,Historical record reports a connection-related indication issue corrected under the then-applicable work package. This does not establish the cause of a new defect.,SYNTHETIC
WO-0255,HIST-0255,SIM-HIST-TASK-DEMO-25-027,AMS,2026-04-23T04:05:00Z,2026-04-23T05:52:00Z,CLOSED,Historical record reports component replacement after authorized troubleshooting. Planning summary only; no physical instructions.,SYNTHETIC
WO-0256,HIST-0256,SIM-HIST-TASK-DEMO-33-012,DXB,2026-04-06T04:05:00Z,2026-04-06T07:22:00Z,CLOSED,Follow-up engineering review recorded; case closed only after separately authorized action.,SYNTHETIC
WO-0257,HIST-0257,SIM-HIST-TASK-DEMO-25-027,VIE,2026-08-17T02:05:00Z,2026-08-17T04:02:00Z,CLOSED,Follow-up engineering review recorded; case closed only after separately authorized action.,SYNTHETIC
WO-0258,HIST-0258,SIM-HIST-TASK-DEMO-A350-21-047,MUC,2026-04-19T05:05:00Z,2026-04-19T06:28:00Z,CLOSED,Symptom not reproduced during recorded checks. Repeat history must remain visible; do not treat as proof that a new issue is harmless.,SYNTHETIC
WO-0259,HIST-0259,SIM-HIST-TASK-DEMO-25-027,CDG,2026-04-14T06:05:00Z,2026-04-14T08:41:00Z,CLOSED,Historical record reports component replacement after authorized troubleshooting. Planning summary only; no physical instructions.,SYNTHETIC
WO-0260,HIST-0260,SIM-HIST-TASK-DEMO-44-018,AUH,2026-07-08T04:05:00Z,2026-07-08T05:42:00Z,CLOSED,Follow-up engineering review recorded; case closed only after separately authorized action.,SYNTHETIC
WO-0261,HIST-0261,SIM-HIST-TASK-DEMO-25-027,AMS,2026-05-05T01:05:00Z,2026-05-05T03:41:00Z,CLOSED,Historical record reports component replacement after authorized troubleshooting. Planning summary only; no physical instructions.,SYNTHETIC
WO-0262,HIST-0262,SIM-HIST-TASK-DEMO-33-012,FCO,2026-05-15T22:05:00Z,2026-05-15T23:19:00Z,CLOSED,Historical record reports a connection-related indication issue corrected under the then-applicable work package. This does not establish the cause of a new defect.,SYNTHETIC
WO-0263,HIST-0263,SIM-HIST-TASK-DEMO-33-012,DOH,2026-06-08T01:05:00Z,2026-06-08T02:58:00Z,CLOSED,Follow-up engineering review recorded; case closed only after separately authorized action.,SYNTHETIC
WO-0264,HIST-0264,SIM-HIST-TASK-DEMO-A350-21-047,FRA,2026-08-06T05:05:00Z,2026-08-06T07:26:00Z,CLOSED,Historical record reports a connection-related indication issue corrected under the then-applicable work package. This does not establish the cause of a new defect.,SYNTHETIC
WO-0265,HIST-0265,SIM-HIST-TASK-DEMO-25-027,VIE,2026-07-27T03:05:00Z,2026-07-27T06:25:00Z,CLOSED,Follow-up engineering review recorded; case closed only after separately authorized action.,SYNTHETIC
WO-0266,HIST-0266,SIM-HIST-TASK-DEMO-33-012,LHR,2026-04-28T00:05:00Z,2026-04-28T00:49:00Z,CLOSED,Follow-up engineering review recorded; case closed only after separately authorized action.,SYNTHETIC
WO-0267,HIST-0267,SIM-HIST-TASK-DEMO-25-019,LHR,2026-04-15T01:05:00Z,2026-04-15T04:21:00Z,CLOSED,Symptom not reproduced during recorded checks. Repeat history must remain visible; do not treat as proof that a new issue is harmless.,SYNTHETIC
WO-0268,HIST-0268,SIM-HIST-TASK-DEMO-A350-21-047,DXB,2026-08-20T00:05:00Z,2026-08-20T02:49:00Z,CLOSED,Symptom not reproduced during recorded checks. Repeat history must remain visible; do not treat as proof that a new issue is harmless.,SYNTHETIC
WO-0269,HIST-0269,SIM-HIST-TASK-DEMO-44-018,MUC,2026-07-20T05:05:00Z,2026-07-20T07:25:00Z,CLOSED,Historical record reports component replacement after authorized troubleshooting. Planning summary only; no physical instructions.,SYNTHETIC
WO-0270,HIST-0270,SIM-HIST-TASK-DEMO-25-019,AUH,2026-04-13T05:05:00Z,2026-04-13T07:02:00Z,CLOSED,Symptom not reproduced during recorded checks. Repeat history must remain visible; do not treat as proof that a new issue is harmless.,SYNTHETIC
WO-0271,HIST-0271,SIM-HIST-TASK-DEMO-44-031,FCO,2026-06-08T00:05:00Z,2026-06-08T01:59:00Z,CLOSED,Historical record reports component replacement after authorized troubleshooting. Planning summary only; no physical instructions.,SYNTHETIC
WO-0272,HIST-0272,SIM-HIST-TASK-DEMO-25-019,VIE,2026-07-06T05:05:00Z,2026-07-06T06:19:00Z,CLOSED,Historical record reports component replacement after authorized troubleshooting. Planning summary only; no physical instructions.,SYNTHETIC
WO-0273,HIST-0273,SIM-HIST-TASK-DEMO-25-027,AUH,2026-05-22T23:05:00Z,2026-05-23T00:32:00Z,CLOSED,Follow-up engineering review recorded; case closed only after separately authorized action.,SYNTHETIC
WO-0274,HIST-0274,SIM-HIST-TASK-DEMO-25-027,FRA,2026-05-03T01:05:00Z,2026-05-03T04:44:00Z,CLOSED,Symptom not reproduced during recorded checks. Repeat history must remain visible; do not treat as proof that a new issue is harmless.,SYNTHETIC
WO-0275,HIST-0275,SIM-HIST-TASK-DEMO-44-018,VIE,2026-06-27T00:05:00Z,2026-06-27T02:29:00Z,CLOSED,Symptom not reproduced during recorded checks. Repeat history must remain visible; do not treat as proof that a new issue is harmless.,SYNTHETIC
WO-0276,HIST-0276,SIM-HIST-TASK-DEMO-25-019,DXB,2026-08-01T06:05:00Z,2026-08-01T08:20:00Z,CLOSED,Historical record reports a connection-related indication issue corrected under the then-applicable work package. This does not establish the cause of a new defect.,SYNTHETIC
WO-0277,HIST-0277,SIM-HIST-TASK-DEMO-33-012,DXB,2026-08-18T23:05:00Z,2026-08-19T02:35:00Z,CLOSED,Symptom not reproduced during recorded checks. Repeat history must remain visible; do not treat as proof that a new issue is harmless.,SYNTHETIC
WO-0278,HIST-0278,SIM-HIST-TASK-DEMO-44-018,DOH,2026-03-27T01:05:00Z,2026-03-27T02:17:00Z,CLOSED,Follow-up engineering review recorded; case closed only after separately authorized action.,SYNTHETIC
WO-0279,HIST-0279,SIM-HIST-TASK-DEMO-44-018,AUH,2026-09-01T06:05:00Z,2026-09-01T07:48:00Z,CLOSED,Symptom not reproduced during recorded checks. Repeat history must remain visible; do not treat as proof that a new issue is harmless.,SYNTHETIC
WO-0280,HIST-0280,SIM-HIST-TASK-DEMO-25-027,AMS,2026-08-26T23:05:00Z,2026-08-27T01:34:00Z,CLOSED,Historical record reports component replacement after authorized troubleshooting. Planning summary only; no physical instructions.,SYNTHETIC
WO-0281,HIST-0281,SIM-HIST-TASK-DEMO-25-027,FCO,2026-08-18T03:05:00Z,2026-08-18T05:32:00Z,CLOSED,Historical record reports component replacement after authorized troubleshooting. Planning summary only; no physical instructions.,SYNTHETIC
WO-0282,HIST-0282,SIM-HIST-TASK-DEMO-44-018,AUH,2026-05-28T22:05:00Z,2026-05-28T23:30:00Z,CLOSED,Historical record reports a connection-related indication issue corrected under the then-applicable work package. This does not establish the cause of a new defect.,SYNTHETIC
WO-0283,HIST-0283,SIM-HIST-TASK-DEMO-25-019,DOH,2026-08-25T05:05:00Z,2026-08-25T07:55:00Z,CLOSED,Symptom not reproduced during recorded checks. Repeat history must remain visible; do not treat as proof that a new issue is harmless.,SYNTHETIC
WO-0284,HIST-0284,SIM-HIST-TASK-DEMO-44-031,MUC,2026-05-11T02:05:00Z,2026-05-11T05:45:00Z,CLOSED,Historical record reports a connection-related indication issue corrected under the then-applicable work package. This does not establish the cause of a new defect.,SYNTHETIC
WO-0285,HIST-0285,SIM-HIST-TASK-DEMO-25-027,VIE,2026-06-02T05:05:00Z,2026-06-02T06:11:00Z,CLOSED,Follow-up engineering review recorded; case closed only after separately authorized action.,SYNTHETIC
WO-0286,HIST-0286,SIM-HIST-TASK-DEMO-A350-21-047,VIE,2026-03-30T02:05:00Z,2026-03-30T05:50:00Z,CLOSED,Historical record reports a connection-related indication issue corrected under the then-applicable work package. This does not establish the cause of a new defect.,SYNTHETIC
WO-0287,HIST-0287,SIM-HIST-TASK-DEMO-44-031,FRA,2026-09-09T00:05:00Z,2026-09-09T00:38:00Z,CLOSED,Historical record reports a connection-related indication issue corrected under the then-applicable work package. This does not establish the cause of a new defect.,SYNTHETIC
WO-0288,HIST-0288,SIM-HIST-TASK-DEMO-44-018,ZRH,2026-07-26T23:05:00Z,2026-07-27T01:51:00Z,CLOSED,Historical record reports component replacement after authorized troubleshooting. Planning summary only; no physical instructions.,SYNTHETIC
WO-0289,HIST-0289,SIM-HIST-TASK-DEMO-33-012,ZRH,2026-06-18T04:05:00Z,2026-06-18T04:30:00Z,CLOSED,Historical record reports a connection-related indication issue corrected under the then-applicable work package. This does not establish the cause of a new defect.,SYNTHETIC
WO-0290,HIST-0290,SIM-HIST-TASK-DEMO-33-012,VIE,2026-06-25T04:05:00Z,2026-06-25T04:41:00Z,CLOSED,Historical record reports component replacement after authorized troubleshooting. Planning summary only; no physical instructions.,SYNTHETIC
WO-0291,HIST-0291,SIM-HIST-TASK-DEMO-44-031,DXB,2026-07-19T01:05:00Z,2026-07-19T01:52:00Z,CLOSED,Historical record reports component replacement after authorized troubleshooting. Planning summary only; no physical instructions.,SYNTHETIC
WO-0292,HIST-0292,SIM-HIST-TASK-DEMO-25-019,FCO,2026-05-08T05:05:00Z,2026-05-08T07:19:00Z,CLOSED,Symptom not reproduced during recorded checks. Repeat history must remain visible; do not treat as proof that a new issue is harmless.,SYNTHETIC
WO-0293,HIST-0293,SIM-HIST-TASK-DEMO-44-031,FRA,2026-09-11T00:05:00Z,2026-09-11T03:00:00Z,CLOSED,Symptom not reproduced during recorded checks. Repeat history must remain visible; do not treat as proof that a new issue is harmless.,SYNTHETIC
WO-0294,HIST-0294,SIM-HIST-TASK-DEMO-25-027,AUH,2026-07-18T01:05:00Z,2026-07-18T04:14:00Z,CLOSED,Follow-up engineering review recorded; case closed only after separately authorized action.,SYNTHETIC
WO-0295,HIST-0295,SIM-HIST-TASK-DEMO-44-018,VIE,2026-07-24T23:05:00Z,2026-07-25T00:50:00Z,CLOSED,Symptom not reproduced during recorded checks. Repeat history must remain visible; do not treat as proof that a new issue is harmless.,SYNTHETIC
WO-0296,HIST-0296,SIM-HIST-TASK-DEMO-44-031,DXB,2026-08-05T02:05:00Z,2026-08-05T02:45:00Z,CLOSED,Historical record reports component replacement after authorized troubleshooting. Planning summary only; no physical instructions.,SYNTHETIC
WO-0297,HIST-0297,SIM-HIST-TASK-DEMO-A350-21-047,CDG,2026-09-05T23:05:00Z,2026-09-05T23:40:00Z,CLOSED,Follow-up engineering review recorded; case closed only after separately authorized action.,SYNTHETIC
WO-0298,HIST-0298,SIM-HIST-TASK-DEMO-25-027,LHR,2026-06-22T00:05:00Z,2026-06-22T03:47:00Z,CLOSED,Historical record reports component replacement after authorized troubleshooting. Planning summary only; no physical instructions.,SYNTHETIC
WO-0299,HIST-0299,SIM-HIST-TASK-DEMO-25-019,AUH,2026-06-27T02:05:00Z,2026-06-27T04:02:00Z,CLOSED,Follow-up engineering review recorded; case closed only after separately authorized action.,SYNTHETIC
WO-0300,HIST-0300,SIM-HIST-TASK-DEMO-25-019,AMS,2026-04-04T02:05:00Z,2026-04-04T02:55:00Z,CLOSED,Symptom not reproduced during recorded checks. Repeat history must remain visible; do not treat as proof that a new issue is harmless.,SYNTHETIC
